,filename,file_size,pixels,prompt_0,prompt_1,prompt_2,prompt_3,prompt_4,prompt_5,prompt_6,prompt_7
0,3_1534929690548387841.png,37611,38025,no,yes,no,yes,no,no,plant,no
1,3_1466060138289283079.png,51908,28575,no,no,no,no,yes,no,plant,yes
2,3_1369287194674921475.png,59488,46125,yes,yes,no,no,no,no,plant,yes
3,3_1330890143285325824.png,54465,35775,yes,no,yes,yes,yes,no,plant,no
4,3_1479278620615000066.png,50258,49725,no,no,no,no,no,yes,plant,yes
5,3_1373659595336347648.png,48292,28575,no,yes,yes,yes,no,no,plants,no
6,3_1369647875236524037.png,40210,28575,no,no,yes,yes,no,no,plant,no
7,3_1546576817133322240.png,61907,37350,no,no,no,no,yes,no,flowers,no
8,3_1523753379142545408.png,81952,38025,no,no,no,yes,no,no,trees,no
9,3_1503521063921238022.png,37705,33075,no,no,yes,yes,yes,no,plant,yes
10,3_1253747899554463749.png,58857,38025,yes,no,no,no,no,no,plants,yes
11,3_1445386987104526342.png,55950,50625,no,no,yes,yes,no,no,plant,no
12,3_1440043420798513157.png,51908,28575,no,no,no,no,yes,no,plant,yes
13,3_1546464390618255360.png,33646,27900,no,yes,no,no,no,no,plant,yes
14,3_1357724944050909186.png,33585,28575,no,no,no,no,no,no,plant,no
15,3_1511033111093600256.png,54628,33975,no,yes,no,yes,no,yes,plant,yes
16,3_1366403285192744966.png,50315,38925,yes,no,no,yes,yes,yes,plant,no
17,3_1229805710919159808.png,51282,38025,yes,yes,no,yes,no,no,plant,yes
18,3_1532450469963911168.png,33235,40725,yes,no,yes,yes,no,no,plant,yes
19,3_1537818208673087492.png,75250,33750,no,no,no,yes,yes,no,plants,no
20,3_1527290108847656967.png,8874,28575,no,no,no,no,yes,no,plant,yes
21,3_1549726031820488704.png,79345,50625,no,yes,yes,yes,no,no,plants,no
22,3_1506731239092350976.png,37700,39600,yes,no,no,yes,no,no,plant,no
23,3_1362800619128561665.png,66024,32850,yes,yes,no,yes,no,no,plant,yes
24,3_1509863263298895873.png,78112,40500,yes,yes,yes,yes,yes,yes,plant,yes
25,3_1542840641595523072.png,62593,34875,no,yes,yes,yes,no,no,plants,no
26,3_1472950232426106890.png,56618,38025,no,no,no,no,no,no,plant,yes
27,3_1478805178648309760.png,80008,38925,no,no,no,yes,yes,no,plants,no
28,3_1501577202898456580.png,60098,38025,no,no,no,yes,yes,no,plant,yes
29,3_1513914668875759616.png,52008,38250,no,yes,no,no,no,no,plant,yes
30,3_1509514446477135874.png,60001,40500,yes,yes,no,yes,yes,no,plants,no
31,3_1376649794710614019.png,93704,50400,no,no,yes,yes,no,no,plants,yes
32,3_1524841941329924117.png,49734,36900,yes,yes,no,no,no,no,plant,no
33,3_1485252212112642049.png,98478,49950,yes,yes,yes,yes,yes,no,plant,yes
34,3_1146798784350806016.png,68441,38025,yes,no,no,no,no,no,plant,yes
35,3_1428698917596708867.png,80177,33750,no,no,no,no,yes,no,flowers,no
36,3_1553022411196379137.png,52019,39825,no,no,yes,yes,yes,no,plant,no
37,3_1379124245335265287.png,36376,28575,yes,yes,no,yes,no,no,plant,no
38,3_1557733910359945218.png,74571,46800,no,no,no,no,no,no,plant,yes
39,3_1519771139698044929.png,89122,40500,no,no,no,no,no,no,plants,yes
40,3_1507696379661012992.png,55160,40500,yes,yes,no,yes,no,yes,plant,no
41,3_1506571820610240515.png,41562,38025,yes,yes,yes,yes,no,no,plants,no
42,3_1479603939725168640.png,33148,25425,no,no,no,no,no,no,plant,yes
43,3_1554571930644127750.png,70480,33750,yes,no,no,yes,no,no,plants,yes
44,3_1482041239901917184.png,52108,33300,no,no,yes,yes,no,no,plant,no
45,3_1501270102351699974.png,36650,33300,yes,no,no,yes,no,no,plant,no
46,3_1550843677500653569.png,51918,33750,no,no,no,yes,no,yes,plants,yes
47,3_1493944147627151367.png,26887,28575,no,yes,no,no,no,yes,plant,yes
48,3_1351169061258838017.png,27893,26550,no,no,yes,yes,yes,no,plant,no
49,3_1245037731991912449.png,35033,50625,no,no,yes,no,no,no,plant,no
50,3_1454057941120737280.png,27965,28575,no,no,yes,yes,yes,no,plants,no
51,3_1492861235125227524.png,87825,50625,yes,no,no,no,yes,no,plants,no
52,3_1511463910884483078.png,42237,26550,no,yes,yes,yes,no,no,plant,yes
53,3_1498781397837697026.png,48032,39825,no,no,yes,yes,no,no,plant,no
54,3_1473345862424317971.png,80961,50625,no,no,no,no,yes,no,trees,yes
55,3_1158433753993228289.png,38475,33975,yes,no,no,no,no,no,plant,yes
56,3_1438611158391472135.png,71915,38025,yes,no,no,yes,no,yes,plant,yes
57,3_1422595113436516362.png,41708,28575,yes,yes,yes,yes,no,no,plant,no
58,3_1507430230402600961.png,66006,37350,no,yes,yes,yes,no,no,plant,no
59,3_1298239309649240064.png,56953,38025,no,no,no,yes,no,yes,plant,yes
60,3_1312405709028495360.png,76204,50625,yes,no,no,yes,yes,no,plant,no
61,3_1283087765001908224.png,74094,45450,no,no,no,no,no,no,plant,yes
62,3_1497602586760908810.png,59491,38475,yes,no,no,no,yes,no,plant,yes
63,3_1433054555063869441.png,80483,49500,no,no,yes,yes,no,no,plant,no
64,3_1458162701788753921.png,52110,38925,yes,yes,no,no,no,yes,plant,yes
65,3_1555592865841029127.png,54318,39150,no,yes,yes,yes,no,no,plants,no
66,3_1497602586756669444.png,57416,38250,yes,yes,no,no,yes,no,plant,yes
67,3_1540077487794917376.png,68494,40275,yes,no,no,no,no,yes,plant,yes
68,3_1516782497811636234.png,71452,38025,yes,no,no,yes,yes,no,plant,yes
69,3_1525442452664066054.png,85597,38025,no,no,no,no,no,no,plant,yes
70,3_1532746083020832768.png,56576,38025,yes,no,no,no,no,no,plants,yes
71,3_1556303654755377152.png,59099,40500,no,no,no,no,yes,no,plant,yes
72,3_1392932794616074241.png,25624,28575,no,no,no,no,no,no,plant,no
73,3_1295360061271924736.png,59768,34200,yes,yes,no,yes,yes,no,plant,no
74,3_1517531819331227650.png,70802,28575,yes,yes,no,no,yes,yes,plant,yes
75,3_1492898998490779651.png,74334,33750,no,no,no,no,no,no,plant,no
76,3_1494054251621933064.png,55523,28350,yes,yes,no,yes,no,no,plant,no
77,3_1519723257007677440.png,74406,36225,yes,yes,no,yes,yes,no,plants,no
78,3_1515842689182351363.png,51101,28350,no,yes,no,no,no,no,plant,yes
79,3_1513950138913415174.png,25924,33300,no,no,yes,yes,no,yes,plant,yes
80,3_1458419640053477377.png,81886,37575,yes,yes,no,yes,no,yes,plants,yes
81,3_1357033630166622208.png,77132,41400,yes,no,no,no,yes,no,plants,yes
82,3_1432815210260307982.png,35716,38025,yes,yes,yes,yes,yes,no,plant,yes
83,3_1253290905383194625.png,70553,38025,no,no,no,yes,no,no,plant,yes
84,3_1486338224503066631.png,61462,50625,yes,yes,yes,yes,yes,no,plant,no
85,3_1513622517843640321.png,70805,34425,no,no,no,no,yes,no,plants,yes
86,3_1534177168456040455.png,34716,42750,no,no,no,no,yes,no,plant,yes
87,3_1555559752486223872.png,46672,40275,no,yes,yes,yes,no,yes,plant,yes
88,3_1554459159176757248.png,79505,38025,no,no,no,yes,yes,no,plants,yes
89,3_1554493464955478018.png,79230,48150,no,yes,no,yes,no,no,plant,no
90,3_1195329373265702913.png,82001,35550,yes,no,no,yes,yes,no,plant,yes
91,3_1316725563411886081.png,31017,31725,yes,no,yes,yes,yes,no,plant,no
92,3_1419695909105983488.png,80568,38025,yes,no,no,no,no,no,plants,yes
93,3_1456704588745162756.png,49337,35100,yes,no,yes,no,no,yes,plant,yes
94,3_1461738103245205504.png,48751,28575,yes,no,no,no,no,no,plant,yes
95,3_1525574174214856711.png,55420,33750,no,no,no,yes,no,yes,plant,yes
96,3_1261293662870351874.png,47727,31725,no,yes,no,no,yes,no,plants,no
97,3_1488512811676405772.png,6302,36675,yes,no,yes,yes,no,no,plant,no
98,3_1551900348863881219.png,55460,35100,no,no,yes,yes,no,no,plants,no
99,3_1541412613942296576.png,36513,50625,no,no,yes,yes,no,no,plant,no
100,3_1318216185524211712.png,53329,34650,no,yes,no,no,yes,no,plant,no
101,3_1351892818869026822.png,22972,28575,no,no,no,no,no,no,plant,no
102,3_1479552789051289604.png,65794,43425,no,no,yes,yes,no,no,plant,no
103,3_1524192320865722368.png,69730,33975,yes,no,no,yes,no,yes,plant,yes
104,3_1534267898595880962.png,56283,35100,no,no,no,no,no,yes,plant,yes
105,3_1454810574362136578.png,54521,32400,yes,yes,no,no,yes,no,plant,no
106,3_1441381265920323587.png,54601,38025,yes,no,no,no,no,no,plant,yes
107,3_1441103482551869449.png,61427,28350,yes,yes,no,yes,yes,yes,trees,yes
108,3_1504475193363689486.png,52647,39600,no,no,yes,yes,no,no,plant,no
109,3_1535260294401773568.png,10629,28575,no,no,no,no,no,no,plant,yes
110,3_1438458904887939073.png,108352,50625,no,no,no,yes,no,no,plant,no
111,3_1462780415270440963.png,91934,43875,yes,no,no,yes,yes,yes,plant,yes
112,3_1506638522459070465.png,45875,40050,yes,yes,yes,yes,no,yes,plant,yes
113,3_1522993416103239681.png,95066,34200,yes,no,no,no,no,no,plant,no
114,3_1531637085886631936.png,53695,50625,no,no,no,no,no,no,plant,no
115,3_1449042885668745220.png,94970,38025,no,no,no,no,no,no,plants,no
116,3_1250049035760697344.png,50284,28575,yes,no,no,yes,no,no,plant,no
117,3_1423830096255885317.png,59078,25425,yes,no,no,no,no,yes,plants,yes
118,3_1433415702141091844.png,54345,25650,no,no,no,yes,yes,no,plant,no
119,3_1552445081759653889.png,29250,38025,yes,no,no,no,no,no,plant,yes
120,3_1534626347527684099.png,75827,50625,no,yes,no,no,no,no,plant,no
121,3_1533056052035461122.png,58845,50625,no,yes,no,yes,no,no,plant,no
122,3_1189922483224363009.png,38904,32175,yes,no,no,no,no,no,plant,yes
123,3_1359563483579301894.png,31831,26775,no,no,yes,yes,no,no,plant,no
124,3_1390380707399221252.png,42868,28125,no,no,no,yes,no,no,plant,yes
125,3_1521115025280221185.png,48864,28575,yes,no,no,yes,no,no,plants,no
126,3_1456660276040843264.png,56040,28575,yes,yes,no,no,no,yes,plant,yes
127,3_1373984452678914056.png,79145,31500,no,no,no,yes,yes,no,plants,yes
128,3_1487055100728197126.png,77320,40500,no,no,no,yes,no,no,plant,yes
129,3_1391757654389891075.png,100263,50625,yes,yes,no,yes,yes,no,plant,no
130,3_1524820561024753664.png,16171,33300,yes,no,no,no,no,yes,plant,yes
131,3_1337449649448361984.png,22666,17325,yes,yes,no,yes,no,no,plant,yes
132,3_1463525021184368644.png,43449,36675,no,yes,yes,no,no,no,plant,no
133,3_1521218026913386500.png,55766,33750,no,yes,no,no,no,no,book,no
134,3_1529109036221833216.png,38289,50625,no,yes,no,no,no,no,plant,yes
135,3_1509590690933751811.png,62290,36450,yes,no,no,yes,yes,no,plant,no
136,3_1144757578519367680.png,58067,38025,no,yes,no,no,no,no,plant,yes
137,3_1354504986982453248.png,48749,40500,yes,no,no,yes,no,no,plant,yes
138,3_1243918858953555969.png,48342,37125,yes,no,no,no,yes,no,plant,no
139,3_1356231980346703872.png,87247,50625,no,yes,yes,yes,no,no,plant,no
140,3_1508836457695358977.png,63429,40500,yes,yes,yes,yes,no,no,plant,no
141,3_1422187979041394690.png,98081,47250,yes,no,no,no,no,no,plant,yes
142,3_1470486436860280835.png,16747,25425,no,yes,no,no,no,yes,plant,yes
143,3_1363905997840945154.png,43024,34650,no,no,yes,no,yes,no,plants,yes
144,3_1382763243320397824.png,72487,33750,yes,no,no,no,yes,no,plants,yes
145,3_1308823014797127682.png,73168,38025,yes,no,no,no,yes,no,plant,yes
146,3_1554859766740123650.png,66408,40500,no,yes,yes,yes,yes,no,plant,no
147,3_1422897687867924482.png,49191,29475,yes,no,no,yes,no,no,plant,yes
148,3_1248659837627572230.png,74811,38925,yes,no,no,yes,yes,no,plant,no
149,3_1180121949533401088.png,54458,40500,yes,no,yes,yes,no,yes,plant,yes
150,3_1462586773419315200.png,30760,25650,no,no,no,no,no,no,plant,no
151,3_1445377554362294274.png,62393,41400,no,no,yes,yes,no,no,plants,yes
152,3_1522983619144425475.png,63740,33300,no,no,no,yes,no,yes,plant,yes
153,3_1252613125574139906.png,62788,35775,yes,no,no,no,yes,no,plants,yes
154,3_1520026829364551681.png,31035,20250,no,yes,yes,yes,no,no,plants,no
155,3_1477420598456303617.png,3402,30600,no,no,yes,no,no,no,plant,yes
156,3_1311652651743010816.png,33667,25425,yes,yes,yes,yes,yes,no,plant,no
157,3_1425557645252046873.png,31510,50625,no,no,no,no,no,no,plant,no
158,3_1438887992987463683.png,48867,37575,yes,yes,no,yes,no,no,plant,yes
159,3_1490069221186887686.png,48108,50625,no,no,no,yes,no,no,plant,no
160,3_1498297026429210624.png,54853,38700,no,no,no,no,no,no,plant,yes
161,3_1474017730659598336.png,18787,28575,no,yes,no,no,no,no,plant,no
162,3_1298604496797532162.png,36518,28575,no,yes,no,yes,no,no,plant,no
163,3_1528171289642520577.png,56456,34650,no,no,yes,yes,no,no,plants,no
164,3_1316725782170030085.png,43290,25425,yes,yes,no,no,no,no,plant,no
165,3_1534553087330902017.png,32397,35550,yes,no,no,no,yes,no,plant,yes
166,3_1387105553441251331.png,51908,28575,no,no,no,no,yes,no,plant,yes
167,3_1460291589365018626.png,76060,50400,yes,no,no,no,yes,no,plants,yes
168,3_1455173379984605191.png,38331,28575,no,yes,no,yes,no,no,plant,yes
169,3_1478001990747795458.png,44051,40950,yes,no,yes,yes,yes,no,plant,yes
170,3_1478500232392544263.png,87011,50625,no,no,no,no,no,no,plants,yes
171,3_1517541018937167872.png,81348,38025,no,no,no,yes,yes,no,plant,no
172,3_1514626492562657284.png,57787,28575,no,no,no,no,yes,no,plants,yes
173,3_1296883686164627456.png,74695,50625,yes,yes,no,no,no,no,plant,yes
174,3_1507696384568442881.png,56908,40500,yes,no,no,no,no,no,plant,yes
175,3_1477363749505937410.png,75370,45000,yes,no,no,no,yes,no,plant,yes
176,3_1257329808243073024.png,71401,47250,yes,no,no,no,yes,no,plant,yes
177,3_1498674588389158912.png,64217,35775,yes,no,no,yes,no,no,plant,yes
178,3_1450486400210530305.png,84589,36225,yes,yes,yes,yes,no,no,plant,no
179,3_1306633311951888384.png,44169,28350,no,yes,no,yes,yes,no,plant,no
180,3_1536448331689369602.png,55973,32625,yes,no,no,no,yes,no,plants,yes
181,3_1379166667087941634.png,94166,47700,no,no,yes,yes,no,no,plant,no
182,3_1494322168477274113.png,57550,40950,no,no,yes,yes,no,no,plant,no
183,3_1332376172559208449.png,52721,36000,yes,no,no,no,yes,no,plants,no
184,3_1397013840865411075.png,52246,30825,no,no,yes,yes,no,no,plants,no
185,3_1452950815631622147.png,85062,40500,no,no,no,no,no,no,plant,no
186,3_1541869191426342912.png,52864,35775,yes,no,yes,yes,no,yes,plant,yes
187,3_1379166666970513416.png,65170,33750,no,no,no,no,no,no,plant,yes
188,3_1363851430587736066.png,37738,25425,no,yes,yes,yes,no,no,plants,no
189,3_1507341584349773825.png,38187,42975,yes,yes,yes,yes,no,no,plant,no
190,3_1298660696457121793.png,51709,38925,yes,yes,yes,no,no,no,plant,no
191,3_1507353302354309131.png,58060,41400,no,no,yes,yes,no,no,plant,no
192,3_1430896967924609031.png,17268,28575,no,yes,no,no,no,no,plant,no
193,3_1497300562265657346.png,46625,25425,yes,yes,no,no,no,no,plant,yes
194,3_1550497982147084288.png,35427,22275,yes,no,no,no,no,yes,plant,yes
195,3_1359491601714806786.png,85890,50625,no,no,no,yes,no,no,plant,no
196,3_1438884213160353796.png,48867,37575,yes,yes,no,yes,no,no,plant,yes
197,3_1553712214837796865.png,62058,50625,no,no,yes,yes,no,no,plant,no
198,3_1539959097746784256.png,83446,40500,no,yes,yes,yes,no,no,plant,no
199,3_1431029955949907970.png,16546,28575,no,yes,no,no,no,no,plant,no
200,3_1508791440226271232.png,32775,26550,yes,yes,no,yes,yes,no,plant,no
201,3_1489313343684833282.png,25715,28575,yes,yes,yes,yes,no,no,plant,no
202,3_1473432063147536384.png,56200,28575,yes,no,no,yes,no,no,plant,yes
203,3_1555297034558660608.png,19665,33750,yes,no,no,no,no,yes,plant,yes
204,3_1511759256713760768.png,94488,38025,no,no,no,no,no,no,plants,no
205,3_1259455540436008960.png,58093,40725,no,no,yes,yes,no,no,plant,no
206,3_1417870815966728193.png,89512,38025,no,no,no,no,no,no,plants,no
207,3_1516391777275633672.png,46924,29475,yes,yes,yes,yes,no,no,plant,yes
208,3_1491496467084857352.png,53256,33750,no,no,no,yes,no,yes,plant,yes
209,3_1466504523069988864.png,46027,50625,yes,yes,no,no,yes,no,plants,no
210,3_1475104234651725829.png,34102,28575,no,yes,yes,yes,no,no,plant,no
211,3_1514321857821904896.png,31310,28575,yes,yes,yes,no,no,yes,plant,yes
212,3_1547236070168809474.png,75937,38925,no,no,no,yes,yes,no,grass,yes
213,3_1376883573068824579.png,47156,28575,yes,yes,no,no,no,no,plant,no
214,3_1360964849480708101.png,31817,30600,yes,no,yes,yes,no,no,plant,no
215,3_1512792553166360576.png,52550,40500,no,yes,yes,no,no,no,plants,yes
216,3_1530553231692156928.png,31451,33750,no,no,no,no,no,yes,plant,yes
217,3_1450839381141508097.png,69097,28575,no,no,no,no,yes,no,plant,no
218,3_1525830870384377856.png,43177,33750,yes,no,no,no,yes,no,plants,yes
219,3_1497964795953299459.png,90509,34875,yes,yes,no,yes,no,yes,plant,no
220,3_1474379582862249987.png,56360,33750,no,no,no,no,no,no,plant,yes
221,3_1549377766650511363.png,66382,33525,yes,yes,no,no,no,no,plant,no
222,3_1417885847215616003.png,32977,25425,no,yes,no,no,no,no,plant,yes
223,3_1537816107205140483.png,56869,33750,no,no,yes,yes,no,no,plant,no
224,3_1479131370911842304.png,61791,38250,yes,yes,no,no,yes,no,plant,yes
225,3_1544773389897826311.png,79378,50625,yes,no,no,no,yes,no,plants,no
226,3_1295413583795429378.png,78581,38025,yes,no,no,no,no,no,plants,yes
227,3_1517560971606196226.png,111978,50625,no,yes,no,no,no,no,plants,no
228,3_1417970029979635713.png,37924,25425,no,yes,no,no,no,no,plant,no
229,3_1442265745757335556.png,54671,33750,yes,no,no,no,no,yes,plant,yes
230,3_1438549514001031173.png,78722,37575,yes,no,no,yes,yes,yes,plant,yes
231,3_1479492626718076929.png,45051,25425,no,yes,no,no,no,no,plant,no
232,3_1356680086884335616.png,51908,28575,no,no,no,no,yes,no,plant,yes
233,3_1526865493625282562.png,64603,28575,yes,no,no,no,yes,no,plant,yes
234,3_1525508741050793985.png,91129,49950,no,no,no,no,no,yes,plant,yes
235,3_1557401330259484674.png,47764,38250,yes,no,no,no,no,no,plant,yes
236,3_1449038557755105285.png,80353,38025,no,no,no,yes,yes,yes,plants,yes
237,3_1128301182198394880.png,80464,38025,yes,no,no,no,yes,yes,plant,yes
238,3_1538597502911381506.png,35044,50625,no,no,yes,yes,no,no,plants,no
239,3_1537797312604426245.png,47319,38925,no,no,no,yes,no,yes,plant,yes
240,3_1421142725353635846.png,61541,28575,yes,yes,no,yes,no,no,plant,no
241,3_1549812388043657218.png,27308,18000,no,no,yes,no,no,yes,plant,no
242,3_1289268479259021313.png,50687,28575,yes,no,no,no,yes,no,flowers,no
243,3_1458087118752862218.png,46359,28575,no,yes,no,no,no,no,plant,no
244,3_1354143366703939586.png,51908,28575,no,no,no,no,yes,no,plant,yes
245,3_1527413700910534666.png,61577,33525,no,yes,no,no,no,no,plant,yes
246,3_1531698295919222786.png,29581,28575,no,yes,no,no,no,no,plant,yes
247,3_1293219438423085057.png,30395,28350,no,no,no,yes,yes,no,plant,no
248,3_1379841800425377793.png,30216,29025,yes,no,no,no,yes,yes,plant,yes
249,3_1325890200111878144.png,47242,26775,yes,no,no,yes,yes,no,plant,yes
250,3_1468632383750615053.png,58505,33750,yes,no,no,yes,yes,yes,plant,yes
251,3_1454096897745031173.png,72370,38025,no,no,no,yes,no,no,plant,yes
252,3_1439711400536985603.png,54682,28575,yes,no,yes,yes,yes,no,plant,yes
253,3_1389655087069470728.png,52802,28575,no,yes,no,no,no,no,plant,no
254,3_1523460744502784003.png,68790,33525,yes,no,no,no,no,yes,plant,yes
255,3_1453813963687448584.png,67732,28575,yes,no,no,no,no,no,plants,no
256,3_1409573577750454272.png,41674,39375,no,yes,yes,yes,yes,no,plants,no
257,3_1352267265689968642.png,58344,33300,no,no,yes,no,no,no,plants,no
258,3_1514954921375768579.png,57074,28575,yes,yes,no,no,no,no,plant,yes
259,3_1470604560016285702.png,10954,25425,no,no,no,no,yes,yes,plant,yes
260,3_1493726391572959235.png,63553,33300,yes,no,no,yes,no,yes,plant,yes
261,3_1364213734252580868.png,47373,25875,yes,no,no,no,yes,no,plant,no
262,3_1493961663548215302.png,44471,33750,yes,yes,no,no,no,no,plant,no
263,3_1308083014040195073.png,37821,24075,yes,no,no,no,no,no,plant,no
264,3_1253489399515484170.png,62926,35775,yes,no,no,no,yes,no,plants,no
265,3_1557102006078160898.png,50280,33750,no,yes,no,yes,no,yes,plant,no
266,3_1508429063433736196.png,44094,36225,yes,yes,no,yes,no,no,plant,no
267,3_1159822813605351430.png,36978,33750,yes,no,yes,yes,no,yes,plant,yes
268,3_1521129836449869824.png,57672,34425,yes,no,no,no,no,no,plants,no
269,3_1500898751656955909.png,51918,38475,no,no,no,no,no,no,plant,no
270,3_1359964709680787462.png,54888,25425,no,yes,no,no,no,yes,plants,yes
271,3_1414585300492423171.png,46560,44325,no,no,no,no,yes,no,plant,yes
272,3_1378036117602246656.png,67286,40500,yes,no,no,yes,yes,no,plant,yes
273,3_1542846208020029440.png,55078,33300,yes,yes,no,yes,no,no,plants,no
274,3_1546839299458465792.png,60753,35550,yes,no,no,yes,no,yes,plant,yes
275,3_1498682748470534149.png,70875,32175,yes,no,no,no,no,no,plant,yes
276,3_1336658145851150337.png,54953,30375,yes,yes,no,yes,yes,no,plant,yes
277,3_1534597247576420352.png,53116,31275,yes,no,no,no,yes,no,plant,yes
278,3_1433781843128733706.png,41260,31275,no,no,no,yes,yes,no,plant,no
279,3_1554549953254621193.png,53165,27900,yes,yes,no,yes,no,no,plant,yes
280,3_1252631985803137025.png,102618,48375,yes,no,no,yes,yes,no,plants,no
281,3_1538152059286978560.png,61280,33750,yes,yes,no,no,no,no,plant,yes
282,3_1364290226466811905.png,51908,28575,no,no,no,no,yes,no,plant,yes
283,3_1531349843276349441.png,57445,41175,no,no,yes,yes,yes,no,plant,no
284,3_1522290066139217921.png,56456,40725,no,no,yes,yes,no,no,plant,no
285,3_1470898913351720964.png,122049,50625,yes,no,no,no,yes,no,plants,no
286,3_1311331536671838216.png,36477,28350,yes,no,no,yes,yes,yes,plant,yes
287,3_1538353405739077633.png,16068,25425,no,yes,no,no,no,no,plant,no
288,3_1384518920871112707.png,66826,28350,no,no,no,no,yes,no,plants,no
289,3_1455957103248556035.png,47831,28575,yes,no,no,yes,no,no,plant,yes
290,3_1422203153555001345.png,48297,28575,yes,yes,no,yes,no,yes,plant,yes
291,3_1476611166017396741.png,61947,40500,yes,no,no,yes,no,no,plant,no
292,3_1479472112318431237.png,87457,39375,yes,no,no,yes,yes,no,plants,no
293,3_1504616074335203330.png,57348,40725,yes,no,yes,yes,no,no,plant,no
294,3_1527282117465497601.png,65898,38025,yes,no,no,yes,no,yes,plant,yes
295,3_1450446979071414284.png,46035,26550,no,yes,no,yes,no,no,plant,no
296,3_1538860564792987648.png,58998,30150,no,yes,no,no,no,no,plant,yes
297,3_1454142120026062856.png,50399,32850,yes,no,no,no,no,no,plant,yes
298,3_1549371886194331648.png,54233,30150,yes,no,no,yes,no,no,plant,no
299,3_1497572228619284484.png,46215,40500,no,yes,yes,yes,no,no,plants,no
300,3_1395833254045884418.png,49767,28575,no,no,no,yes,no,no,plants,yes
301,3_1501922429148418049.png,29652,30375,no,no,yes,yes,yes,no,plants,no
302,3_1457694529298083842.png,47583,43200,yes,no,no,no,no,no,plant,yes
303,3_1513581351005532169.png,52801,35775,no,no,no,no,no,yes,plants,yes
304,3_1530923417108680704.png,51125,37125,yes,no,yes,yes,yes,no,plant,yes
305,3_1502027124554698770.png,51164,31950,no,no,yes,yes,no,no,plant,no
306,3_1530988094475878406.png,49213,27450,no,no,no,no,no,yes,plant,yes
307,3_1439319694620733442.png,31331,25425,no,no,no,no,yes,no,plant,yes
308,3_1435270647165378561.png,53478,40500,yes,yes,no,no,no,yes,plant,yes
309,3_1321180353160237059.png,51908,28575,no,no,no,no,yes,no,plant,yes
310,3_1384189003163836416.png,40700,33075,yes,no,no,no,no,no,plant,no
311,3_1542256459890704387.png,62755,34200,no,no,no,yes,no,no,plant,no
312,3_1498761570746343428.png,48113,23175,yes,no,no,yes,no,no,plant,no
313,3_1553520172933292032.png,42227,28575,yes,yes,no,yes,no,yes,plant,yes
314,3_1462106480333582338.png,79639,33750,yes,no,no,no,no,no,plants,yes
315,3_1393566950110998530.png,43339,38475,no,no,yes,no,no,no,plant,no
316,3_1557443265653137408.png,55037,43650,yes,no,no,yes,no,no,plant,no
317,3_1558106302165012481.png,36622,28575,no,yes,no,yes,no,no,plant,no
318,3_1400437486313250816.png,66648,37800,yes,no,no,no,yes,no,plants,yes
319,3_1418933551723163648.png,111330,50625,no,no,no,no,no,no,plant,yes
320,3_1552748125558906881.png,64761,38025,yes,no,yes,yes,no,no,plant,yes
321,3_1554459577835470855.png,38526,37575,no,no,yes,no,yes,no,plant,yes
322,3_1504800098206769163.png,65336,40500,no,no,no,no,no,no,plants,no
323,3_1420784832163024897.png,78003,49050,no,no,no,no,no,no,plant,yes
324,3_1391757575343980548.png,95815,50625,yes,yes,no,yes,yes,no,plant,yes
325,3_1258042843307757568.png,73032,38025,no,no,no,yes,no,yes,plant,yes
326,3_1529957805976870935.png,63562,34875,no,no,no,yes,no,yes,plants,yes
327,3_1298326161970388992.png,32343,25425,no,yes,no,no,no,no,plant,no
328,3_1395820254182342656.png,63428,33975,no,no,no,yes,no,no,plant,no
329,3_1522950129757601794.png,53935,38925,no,no,no,no,no,no,plant,yes
330,3_1438605959656509445.png,82803,38025,yes,no,no,yes,yes,yes,plants,yes
331,3_1468581272394031105.png,38647,28575,yes,no,no,no,yes,no,plant,yes
332,3_1382787072856109057.png,69383,40725,yes,no,yes,yes,no,no,plant,no
333,3_1552709483243134984.png,85118,38025,no,no,no,yes,yes,no,plants,no
334,3_1497311965936553987.png,80224,37125,no,no,no,no,yes,no,plant,no
335,3_1526641799653097472.png,41943,44100,yes,no,no,no,no,no,plants,no
336,3_1533480014791974914.png,40582,31500,yes,no,no,no,yes,no,plants,yes
337,3_1316726095337730050.png,48068,43650,no,yes,yes,yes,no,no,plant,no
338,3_1460678009317257218.png,32493,28575,yes,yes,yes,yes,no,no,plant,no
339,3_1492152799701962759.png,59836,33750,yes,no,no,yes,no,no,plants,yes
340,3_1445031306681798669.png,74377,38025,no,no,no,no,no,no,plant,yes
341,3_1248639174892236800.png,49161,37800,yes,no,no,yes,yes,no,plant,no
342,3_1425186634128142336.png,81929,50175,no,no,no,no,no,no,plant,yes
343,3_1177575728646197248.png,47112,38025,no,yes,no,yes,no,no,plant,no
344,3_1556248919478345728.png,59779,40500,no,no,no,yes,no,no,plant,no
345,3_1529195689976156168.png,55832,33750,yes,no,no,yes,no,no,plants,no
346,3_1489717774410649602.png,44155,40500,no,no,yes,yes,no,no,plant,no
347,3_1513965320519647234.png,54954,33750,yes,no,no,yes,no,yes,plant,yes
348,3_1483474214644453380.png,46199,38700,yes,no,yes,yes,no,yes,plant,yes
349,3_1526664431089893377.png,52918,50400,yes,no,yes,yes,no,no,plant,no
350,3_1538322169888968704.png,56564,33300,no,no,no,yes,no,yes,plant,yes
351,3_1511069433808179203.png,63852,38025,no,yes,no,yes,yes,no,plant,no
352,3_1525872389145468930.png,50841,40275,no,no,no,no,no,yes,plant,yes
353,3_1399789131153149956.png,51908,28575,no,no,no,no,yes,no,plant,yes
354,3_1452587078965989376.png,118950,50625,no,no,no,yes,no,yes,plants,yes
355,3_1443322369959944196.png,91157,50625,yes,yes,no,no,no,no,plant,yes
356,3_1517180319018864646.png,62745,40500,no,no,no,no,yes,no,flowers,no
357,3_1301164388896985088.png,53167,33750,no,no,no,yes,yes,no,plant,yes
358,3_1491471521122078724.png,48179,35100,yes,no,no,no,no,no,plant,yes
359,3_1354792706585800705.png,97424,42975,yes,no,yes,no,no,no,plants,no
360,3_1518983685382488071.png,38112,29025,no,yes,no,no,no,no,plant,no
361,3_1257331909983637506.png,63067,37350,yes,no,no,no,yes,yes,plant,yes
362,3_1521605093505830914.png,64655,39600,no,no,yes,yes,no,no,plant,no
363,3_1550497408232132608.png,53801,33525,yes,no,no,yes,yes,no,plants,no
364,3_1509514306764873735.png,65723,40500,yes,no,no,yes,no,no,plant,no
365,3_1553022553953775617.png,54376,39825,yes,no,yes,yes,no,no,plant,no
366,3_1527636139384905729.png,32398,40500,no,no,yes,yes,no,no,plants,no
367,3_1449785043447078913.png,62159,33750,no,no,no,yes,yes,no,plant,yes
368,3_1415342862955339782.png,56776,34875,no,yes,yes,no,no,no,plant,no
369,3_1362417982719205380.png,35397,28575,no,no,no,no,no,yes,plant,yes
370,3_1423657553033105411.png,34169,26550,yes,yes,no,no,yes,no,plant,yes
371,3_1305844034305503233.png,63315,39600,yes,no,no,no,no,no,plant,no
372,3_1436668430598410240.png,28155,25425,no,no,no,no,no,no,plant,no
373,3_1391793824700067840.png,44386,29025,no,no,yes,yes,no,no,plant,yes
374,3_1537109018736480258.png,84636,50625,no,yes,no,no,no,no,plant,no
375,3_1514625113777393667.png,53125,36225,no,no,no,yes,yes,no,plant,yes
376,3_1397901188671184902.png,71983,35775,no,no,yes,no,no,no,plant,no
377,3_1420533284212203521.png,35673,26550,yes,yes,no,no,no,no,plant,yes
378,3_1274348857808297984.png,65499,35775,yes,no,no,no,yes,no,plants,yes
379,3_1312740516560338945.png,54118,40725,yes,no,yes,yes,no,yes,plant,yes
380,3_1522983612219641857.png,59688,33750,no,no,no,yes,no,no,plant,yes
381,3_1417833000612552709.png,75463,33750,yes,yes,no,yes,no,no,plants,no
382,3_1512490586766548995.png,53013,45900,no,yes,no,no,no,no,plant,no
383,3_1485647207382626308.png,36216,36225,no,no,no,no,yes,no,plant,yes
384,3_1541819782529417216.png,76278,50625,no,no,yes,yes,yes,no,plants,no
385,3_1276518148255158273.png,43374,33300,no,no,yes,yes,no,no,plant,no
386,3_1517532081798144001.png,86040,50625,yes,no,no,no,yes,yes,plant,yes
387,3_1543656084052869121.png,114581,50625,yes,no,no,no,no,yes,plants,yes
388,3_1461695268622155779.png,73091,35775,yes,yes,no,no,no,no,plant,no
389,3_1501895049285619712.png,64892,35550,no,yes,yes,no,no,no,plant,no
390,3_1498353025013927937.png,61336,33750,no,no,no,yes,no,no,plant,no
391,3_1516791490911027207.png,90641,50625,yes,yes,no,no,yes,no,plant,yes
392,3_1557772378335232001.png,71194,50625,yes,yes,no,yes,yes,no,plant,no
393,3_1418263332126171140.png,39288,28575,yes,yes,no,yes,no,yes,plant,no
394,3_1548035052918820864.png,56760,50625,no,no,yes,yes,no,no,plant,no
395,3_1445489375639310354.png,62393,41400,no,no,yes,yes,no,no,plants,yes
396,3_1329472557540634624.png,31980,25425,no,yes,no,yes,no,no,plant,no
397,3_1486437035812528128.png,88845,50625,yes,no,no,yes,yes,no,plant,yes
398,3_1541815568898162694.png,63355,41175,yes,yes,yes,yes,no,yes,plant,yes
399,3_1423646318426267661.png,39381,25425,no,no,yes,no,no,no,plant,yes
400,3_1520071101623242753.png,78355,50625,no,yes,no,yes,yes,no,plants,no
401,3_1495745482144026628.png,55523,28350,yes,yes,no,yes,no,no,plant,no
402,3_1541829145189138443.png,62479,33750,no,no,no,no,no,no,flowers,no
403,3_1359216803378057218.png,51908,28575,no,no,no,no,yes,no,plant,yes
404,3_1283078621385678849.png,47062,38475,yes,no,no,no,yes,no,plant,yes
405,3_1376515784994865157.png,50560,28575,yes,no,no,yes,yes,no,plant,no
406,3_1486124354589143040.png,48382,49275,yes,no,no,yes,no,no,plant,no
407,3_1487062986141405185.png,43709,40500,no,yes,no,no,no,yes,plant,no
408,3_1252694079319822339.png,66866,38025,yes,no,no,no,yes,no,plant,yes
409,3_1489614933759246340.png,42533,33750,no,no,no,no,no,no,plant,yes
410,3_1438458905026236418.png,78434,50625,no,no,no,yes,no,no,plant,no
411,3_1334151664559935490.png,26208,26775,no,yes,no,no,no,no,plant,yes
412,3_1371804742779813889.png,54580,28575,yes,no,no,yes,yes,yes,plants,yes
413,3_1501208579772141568.png,27130,33750,no,no,yes,yes,no,yes,plants,no
414,3_1454181246553235456.png,51361,28575,no,no,no,yes,yes,no,plant,no
415,3_1468317294686257160.png,64034,40500,no,no,no,no,no,no,flowers,no
416,3_1421155402255847424.png,82119,50625,no,no,no,yes,yes,no,plant,no
417,3_1526553688894066689.png,50097,50625,no,yes,no,no,no,no,plant,yes
418,3_1152271113831010307.png,70076,41175,yes,no,no,no,yes,no,plant,yes
419,3_1273266748893134848.png,48263,38025,yes,yes,no,yes,no,no,plant,yes
420,3_1355278392250097665.png,60633,28575,yes,yes,no,yes,no,no,plant,yes
421,3_1347510252032425985.png,22376,25875,no,yes,no,no,no,no,plant,no
422,3_1519287889418403840.png,60047,28125,yes,yes,no,yes,no,no,plant,no
423,3_1557018038058172416.png,118591,50625,no,no,no,no,no,no,plants,yes
424,3_1322223019624902656.png,33639,32175,yes,no,no,no,yes,no,plant,yes
425,3_1522361767464247299.png,55553,44100,no,no,no,no,no,yes,plant,yes
426,3_1509262781782142983.png,26574,36225,no,no,no,no,yes,no,plant,yes
427,3_1458177884212846594.png,64603,28575,yes,no,no,no,yes,no,plant,yes
428,3_1554497766679797763.png,21703,28575,no,no,no,no,no,no,plant,no
429,3_1352679441600819200.png,68146,44325,no,yes,no,yes,no,no,plant,no
430,3_1510588001751023621.png,49409,40500,yes,yes,yes,yes,no,no,plant,no
431,3_1483848642834296836.png,40112,29925,no,no,yes,yes,no,no,plants,no
432,3_1553827507564150785.png,37999,40050,yes,no,no,no,no,no,plant,yes
433,3_1463190838805245958.png,87628,50625,yes,no,no,no,no,no,flowers,yes
434,3_1322217757556047879.png,73853,41175,yes,no,no,yes,yes,no,trees,yes
435,3_1514633097714843655.png,95246,38025,no,yes,no,no,yes,no,plants,yes
436,3_1497753476440502277.png,90509,34875,yes,yes,no,yes,no,yes,plant,no
437,3_1367159254545813510.png,92096,38025,no,no,no,yes,yes,no,plants,yes
438,3_1314178098154418176.png,31341,26550,yes,yes,no,yes,no,no,plant,no
439,3_1526574510501244930.png,46057,28575,yes,no,no,no,no,no,plant,yes
440,3_1530219476418969600.png,60120,40725,yes,no,no,no,no,yes,plant,yes
441,3_1528088348358737922.png,41682,50625,yes,no,yes,yes,no,yes,plant,yes
442,3_1526276387799289856.png,41357,50625,no,no,no,no,no,no,plant,yes
443,3_1505930110607757313.png,34655,38025,no,no,yes,no,yes,no,plant,yes
444,3_1474063081609183234.png,75676,41175,yes,no,no,yes,yes,no,plant,no
445,3_1511358364743315458.png,60713,34200,no,no,no,no,yes,no,plant,yes
446,3_1555219291137605632.png,58834,33750,no,no,no,no,no,yes,plant,yes
447,3_1505695843248189440.png,40982,17550,yes,no,no,no,no,no,flowers,no
448,3_1523286734640984066.png,46081,40500,yes,no,no,no,no,no,flowers,no
449,3_1417870815979257859.png,70568,38025,no,no,no,no,no,no,flowers,no
450,3_1488927706922336259.png,61298,33750,yes,no,no,yes,no,no,plant,yes
451,3_1516023811258339336.png,75603,33750,no,no,no,yes,yes,no,plants,no
452,3_1414680245240729605.png,50356,32850,yes,no,no,no,yes,no,plant,yes
453,3_1519672964693725185.png,53698,35100,no,no,no,no,yes,no,tree,yes
454,3_1326986342128103442.png,35716,25425,no,yes,no,yes,no,no,plant,yes
455,3_1447574200068329475.png,88600,41625,no,no,no,yes,no,no,plants,no
456,3_1253417803903668226.png,60506,39375,yes,no,yes,no,yes,no,trees,no
457,3_1555987070325252096.png,33930,28575,no,no,no,yes,no,yes,plant,no
458,3_1513487202860285959.png,59573,25425,yes,yes,no,yes,yes,yes,plants,yes
459,3_1436385204302667777.png,70403,28350,no,no,no,yes,yes,yes,plants,yes
460,3_1554186958523482116.png,26007,39150,no,no,yes,no,no,yes,plant,yes
461,3_1313557399748464648.png,31877,30375,yes,no,no,no,no,no,plant,yes
462,3_1395388487927431171.png,63378,50625,yes,no,no,no,no,yes,plants,yes
463,3_1346460248257736705.png,47700,28575,no,yes,no,no,no,no,plants,yes
464,3_1283088204334342145.png,63344,44550,no,no,no,no,no,no,plant,yes
465,3_1550190164118568960.png,83271,50625,no,yes,yes,yes,yes,no,plants,no
466,3_1546853548855414785.png,76547,38025,no,no,no,yes,yes,no,plant,no
467,3_1369715181056581636.png,43897,33075,yes,no,no,no,no,no,plants,yes
468,3_1399818334481301515.png,51908,28575,no,no,no,no,yes,no,plant,yes
469,3_1242878527311142912.png,50058,40500,yes,no,no,no,no,no,plant,yes
470,3_1524455099799588867.png,101366,50625,no,no,no,yes,no,no,plants,no
471,3_1555327266623787012.png,63739,38925,no,no,yes,yes,no,yes,plant,yes
472,3_1368931017147506688.png,45479,28575,yes,no,yes,yes,no,no,plant,no
473,3_1470495820759896064.png,12522,25425,no,yes,no,no,no,no,plant,no
474,3_1553380096303562752.png,90269,34650,no,no,no,no,no,no,plant,no
475,3_1435794563998928900.png,32687,25425,no,no,no,no,no,no,plant,no
476,3_1538989568111824897.png,49379,35100,no,yes,no,no,no,yes,plant,yes
477,3_1478358674850471937.png,83472,38025,no,no,no,no,yes,no,trees,no
478,3_1554829748282347522.png,48282,40500,yes,no,yes,yes,yes,no,plant,no
479,3_1517488809256050693.png,82551,38025,yes,no,no,no,yes,yes,plants,yes
480,3_1533073312557027329.png,88007,50625,no,yes,no,no,no,no,plants,yes
481,3_1365436218645733377.png,62658,31725,yes,no,no,yes,yes,no,grass,yes
482,3_1543959569684172800.png,67424,34650,no,yes,yes,yes,no,no,plants,no
483,3_1356279962727288833.png,47681,35550,no,no,yes,yes,yes,no,trees,yes
484,3_1430977367124623369.png,91427,40500,yes,no,no,yes,yes,no,plants,yes
485,3_1551922849002258435.png,76255,50625,no,yes,no,yes,no,no,plant,no
486,3_1246162965042212865.png,41974,40500,yes,no,no,no,yes,no,plant,yes
487,3_1425057495215591427.png,51484,33750,yes,no,no,yes,no,no,plant,yes
488,3_1392812169440415751.png,64603,28575,yes,no,no,no,yes,no,plant,yes
489,3_1527790274574950400.png,89027,33750,yes,no,no,no,no,no,plants,yes
490,3_1326253295917281283.png,29921,26550,no,yes,no,yes,no,no,plant,no
491,3_1242469257251885057.png,82263,50625,yes,no,no,no,no,no,flowers,no
492,3_1535592753551351811.png,23338,40500,no,no,yes,yes,no,no,plant,no
493,3_1284462131581247488.png,52754,34200,no,no,yes,yes,yes,no,plants,no
494,3_1361788447623643139.png,29174,28575,no,no,yes,yes,yes,no,plant,yes
495,3_1293581010391699461.png,81156,43200,no,no,yes,yes,no,no,plants,no
496,3_1482355647945617412.png,33473,33525,no,no,no,no,yes,no,plant,yes
497,3_1517852184909692930.png,31506,28575,yes,yes,no,no,no,no,plant,yes
498,3_1518540206701490176.png,79101,38025,no,no,no,no,no,no,flowers,no
499,3_1315360773045182465.png,37409,28575,yes,no,yes,yes,yes,no,plants,yes
500,3_1535327771777540098.png,56985,50625,yes,no,no,no,no,no,plant,yes
501,3_1464232722277318664.png,33369,28575,yes,yes,no,yes,no,no,plant,no
502,3_1495759969597235212.png,18490,50625,yes,no,no,no,no,no,plant,yes
503,3_1415002538412236801.png,64277,34650,no,yes,no,yes,no,yes,plant,yes
504,3_1506712885728272392.png,107481,50625,yes,no,no,no,no,no,flowers,no
505,3_1385232378260504584.png,60397,40050,no,no,yes,no,yes,no,plant,yes
506,3_1449038998740025345.png,80419,38025,no,no,no,yes,yes,no,plant,yes
507,3_1499778160887574531.png,28018,38025,no,no,no,no,no,no,plant,yes
508,3_1478083221506215944.png,45127,28575,yes,no,no,no,no,no,plant,yes
509,3_1445026692511191041.png,51908,28575,no,no,no,no,yes,no,plant,yes
510,3_1437407412919615489.png,68019,34875,no,no,no,yes,no,no,plant,no
511,3_1539948319497142276.png,53682,40500,yes,no,yes,yes,yes,no,plant,no
512,3_1483982804048306176.png,42934,25425,yes,no,no,yes,no,no,plant,no
513,3_1514633083567419404.png,76429,38025,no,yes,no,no,yes,no,plants,yes
514,3_1430976523796979726.png,56453,28575,yes,no,no,yes,yes,no,plants,yes
515,3_1492595365597663232.png,71687,28575,no,no,no,no,yes,no,plant,no
516,3_1552711020061261825.png,94853,38025,no,no,no,no,yes,no,trees,no
517,3_1508486073730711555.png,53537,38925,no,no,yes,yes,yes,no,plant,no
518,3_1480536746119081986.png,86463,38025,no,no,no,no,no,no,plants,yes
519,3_1517926395812499457.png,38112,29025,no,yes,no,no,no,no,plant,no
520,3_1486347777764466689.png,114191,44325,no,yes,no,no,no,no,plant,yes
521,3_1514645357795287046.png,71412,33975,no,no,no,no,yes,no,plants,yes
522,3_1423345483825618946.png,66249,28575,yes,no,no,no,no,no,plant,yes
523,3_1455191663173935116.png,71264,33525,yes,yes,no,yes,yes,no,plant,yes
524,3_1557004018391687170.png,46480,26550,yes,yes,no,no,yes,no,plants,yes
525,3_1371552117266190341.png,49191,29475,yes,no,no,yes,no,no,plant,yes
526,3_1542181398529708032.png,95771,50625,yes,yes,no,no,no,no,plant,yes
527,3_1470499018237267969.png,51908,28575,no,no,no,no,yes,no,plant,yes
528,3_1537792762296209408.png,57631,33750,no,no,no,no,yes,no,plants,no
529,3_1469347438708330502.png,75248,38025,no,no,no,no,yes,no,plant,yes
530,3_1498295995616083976.png,59813,38025,no,yes,no,no,no,no,plant,no
531,3_1520070673187627009.png,70623,43875,no,yes,no,yes,yes,no,plant,no
532,3_1535726182943039489.png,53002,26550,yes,yes,no,yes,no,yes,plants,yes
533,3_1551001756565475329.png,91642,43425,yes,yes,no,yes,yes,no,plant,yes
534,3_1315638753008979971.png,48948,47025,no,yes,no,no,no,no,plant,no
535,3_1532753667740340224.png,68645,33750,no,no,no,no,yes,no,plants,no
536,3_1329434754207408129.png,92796,49725,no,yes,no,yes,no,no,plant,no
537,3_1474379624390053894.png,39183,28575,no,yes,yes,yes,yes,no,plants,no
538,3_1427289423067111428.png,52323,40500,no,no,no,no,yes,no,plant,no
539,3_1469398517693169665.png,26893,25425,yes,yes,no,no,no,no,plant,yes
540,3_1513936498017587200.png,89365,40500,yes,no,no,yes,yes,no,plants,no
541,3_1502291613720059904.png,17263,34425,no,no,yes,yes,no,no,plant,no
542,3_1307067267327328256.png,35166,37350,yes,no,no,no,no,no,plant,yes
543,3_1457736269564362753.png,51483,33075,no,yes,no,no,no,no,plant,no
544,3_1346450212647301121.png,44229,22050,yes,no,no,no,no,no,flowers,no
545,3_1542510646331187205.png,60162,40500,no,yes,yes,yes,no,yes,plant,no
546,3_1494763985224318982.png,65672,34875,yes,no,yes,yes,yes,no,plant,yes
547,3_1348737708517183492.png,62418,33525,no,no,no,no,yes,no,plants,no
548,3_1488512695452192770.png,48997,28575,no,no,yes,yes,no,no,plant,no
549,3_1495486648766943234.png,71725,38025,no,yes,no,yes,no,no,plant,yes
550,3_1544775511930454017.png,28107,25425,no,yes,no,no,no,no,plant,no
551,3_1517536096191582208.png,64605,50625,yes,no,no,no,yes,no,plant,yes
552,3_1483945432480985088.png,84348,50625,no,no,no,yes,yes,no,plants,no
553,3_1371470598971473921.png,39444,26775,no,yes,yes,yes,no,no,plants,no
554,3_1406294613833392128.png,31589,27225,no,no,no,yes,no,no,plant,no
555,3_1508791458698043397.png,65465,36450,yes,no,no,no,no,no,trees,yes
556,3_1448408708556464128.png,65526,28575,yes,no,yes,no,yes,no,plant,no
557,3_1551291126631604224.png,72306,38925,no,no,no,yes,no,yes,plants,yes
558,3_1517526937039556608.png,101544,50625,yes,no,no,no,yes,no,plant,yes
559,3_1395474420890849285.png,47055,28575,yes,no,no,yes,no,yes,plant,yes
560,3_1499054101593788416.png,30609,26550,yes,yes,no,yes,no,no,plant,no
561,3_1430977010885668864.png,34800,50625,no,yes,no,no,no,no,plant,no
562,3_1547221883099029505.png,55461,34425,no,no,no,no,yes,no,plants,yes
563,3_1515660824492265473.png,113587,50625,no,no,no,no,no,no,plants,yes
564,3_1415400551521550338.png,50686,50625,no,no,no,no,no,no,plant,yes
565,3_1456719470685310988.png,44622,28575,yes,no,no,yes,yes,no,plant,no
566,3_1471913554659799040.png,58248,49950,yes,yes,no,no,no,no,plant,yes
567,3_1369022559069605899.png,9296,44325,no,no,no,yes,no,yes,plant,no
568,3_1550104197827272706.png,50739,39375,no,no,no,no,no,no,plant,no
569,3_1252966136121040896.png,48006,33750,yes,no,no,no,no,no,flowers,no
570,3_1491431702153117711.png,78399,40500,yes,no,no,no,yes,no,plant,yes
571,3_1488957906632458245.png,90846,50400,no,yes,yes,yes,yes,yes,plants,no
572,3_1476916528230670350.png,35369,39150,yes,no,no,yes,yes,no,plant,no
573,3_1445752929739100166.png,17861,33750,yes,no,no,no,yes,no,plants,yes
574,3_1516386379768467464.png,88633,40500,no,no,no,no,no,no,flowers,no
575,3_1540700466870243328.png,54393,28575,yes,no,no,no,no,no,plants,yes
576,3_1445400920033013761.png,29635,28575,yes,yes,yes,yes,yes,no,plant,no
577,3_1352267265673195520.png,66240,32850,no,no,yes,no,no,no,flowers,no
578,3_1551567773612052480.png,46357,49275,yes,no,no,no,yes,yes,plant,yes
579,3_1385269802072252422.png,63411,30600,yes,no,no,no,no,no,plant,no
580,3_1545921230921932800.png,55210,42300,no,no,no,yes,no,no,plant,no
581,3_1423637504260026369.png,79303,50625,no,no,no,yes,no,no,plant,no
582,3_1306329537618358274.png,48350,38250,yes,no,no,yes,no,yes,plant,yes
583,3_1499397642240991234.png,47316,27900,yes,no,no,yes,yes,no,plants,yes
584,3_1431277206857207810.png,53924,26775,no,yes,no,no,yes,no,plants,yes
585,3_1534993447446364176.png,55410,50625,yes,yes,no,yes,no,no,plant,no
586,3_1536392323285803008.png,20098,28575,no,yes,no,no,no,yes,plant,no
587,3_1548317803886755842.png,65471,28350,no,no,no,yes,yes,no,trees,yes
588,3_1514257259387183106.png,73183,33750,no,no,no,no,yes,no,plants,yes
589,3_1235669741806612480.png,51010,25200,yes,no,no,no,yes,no,plants,yes
590,3_1388186507459141640.png,39910,38025,no,no,no,no,no,no,plant,no
591,3_1492186107504697346.png,76958,31725,no,no,no,yes,yes,no,plant,no
592,3_1504479889092608005.png,64798,35550,no,no,no,yes,no,yes,plant,no
593,3_1534521792345382912.png,35971,41850,no,yes,yes,yes,no,no,plant,yes
594,3_1382736569191190528.png,94898,42075,yes,no,no,yes,yes,no,plant,no
595,3_1405226165342674950.png,18745,28575,yes,no,no,no,yes,no,plant,yes
596,3_1314290747420540928.png,14903,28575,yes,no,no,yes,yes,no,plant,yes
597,3_1493193550485409801.png,89579,40500,yes,no,yes,yes,yes,no,plants,yes
598,3_1496198595485310979.png,41639,38025,yes,no,yes,no,yes,no,plants,no
599,3_1516143002879672333.png,46472,33750,yes,no,no,no,no,no,plant,yes
600,3_1475995076006449157.png,55655,38025,no,no,no,yes,yes,no,plants,no
601,3_1407305158250352646.png,52588,25425,yes,no,no,no,yes,no,plants,no
602,3_1351918616191639557.png,56370,50625,yes,yes,no,yes,no,no,plant,no
603,3_1356302220111785986.png,43221,25425,yes,yes,no,yes,no,yes,plant,yes
604,3_1316397356418465793.png,35059,28575,yes,no,no,no,yes,no,plant,yes
605,3_1514991440317022210.png,81134,41400,yes,no,no,no,yes,no,plants,yes
606,3_1435550996650885123.png,68365,42750,yes,no,no,no,yes,no,plant,yes
607,3_1440284971403399172.png,43805,33525,yes,no,no,no,yes,no,plants,yes
608,3_1489597033321095174.png,66722,48600,yes,no,no,no,no,no,plant,yes
609,3_1322209919857315840.png,54669,41850,no,no,yes,no,yes,no,plants,yes
610,3_1463535513537818628.png,41972,26775,no,yes,no,no,no,no,plant,no
611,3_1357360828157227008.png,81639,46800,yes,no,no,yes,no,no,plant,yes
612,3_1506367621142360066.png,66196,50625,yes,no,yes,no,no,no,plant,no
613,3_1397901142970056707.png,46633,35325,no,yes,yes,yes,no,no,plants,no
614,3_1416475298464415750.png,57944,33750,no,no,no,yes,no,yes,plant,yes
615,3_1458827471672033280.png,29305,33300,no,no,no,no,no,no,plant,no
616,3_1551241072889716736.png,102023,48825,no,yes,no,no,no,yes,plant,yes
617,3_1551999492664147968.png,66685,50625,no,yes,no,yes,no,no,plant,no
618,3_1506269866973667336.png,49026,50625,yes,yes,no,yes,no,no,plant,yes
619,3_1471864549129269253.png,24696,28575,no,yes,no,no,no,yes,plant,no
620,3_1499142541094096901.png,49127,28575,no,no,no,yes,no,yes,plant,yes
621,3_1506979274137481225.png,34717,28575,yes,yes,yes,no,no,no,plant,yes
622,3_1422626660197797892.png,45310,27450,no,no,no,yes,no,no,plant,no
623,3_1518638969700818944.png,71371,39375,yes,no,no,yes,yes,no,plant,no
624,3_1308381181403115522.png,50806,31050,yes,no,no,no,no,no,plant,yes
625,3_1510965867458310149.png,44094,36225,yes,yes,no,yes,no,no,plant,no
626,3_1542931632117764098.png,86967,50625,no,yes,no,yes,no,no,plants,no
627,3_1344303573606215681.png,49156,26775,yes,yes,no,no,no,no,plant,yes
628,3_1511312943530524681.png,88107,39150,yes,no,no,no,yes,no,plants,no
629,3_1546914899934298113.png,71222,50625,no,no,no,yes,yes,yes,plant,yes
630,3_1359624107235700742.png,34129,28575,yes,yes,no,no,no,no,plant,yes
631,3_1351168808522719232.png,38830,41850,no,no,yes,yes,no,no,plant,no
632,3_1468947568650452995.png,78013,43200,yes,yes,yes,yes,no,yes,plant,yes
633,3_1308770196803518469.png,50078,28350,no,yes,yes,yes,no,no,plant,yes
634,3_1489371342227054594.png,46198,50625,yes,no,yes,yes,yes,no,plant,no
635,3_1429565300501057538.png,27113,28350,no,no,no,yes,yes,no,plant,yes
636,3_1465706894945710083.png,80704,50625,yes,yes,no,yes,no,no,plant,no
637,3_1309615551577092096.png,53777,42750,no,no,no,no,no,no,plant,yes
638,3_1488210652002926595.png,46208,31725,yes,no,no,no,no,no,plant,yes
639,3_1537791673475862529.png,83922,33750,no,no,no,no,yes,no,plants,no
640,3_1540273935274704896.png,49191,29475,yes,no,no,yes,no,no,plant,yes
641,3_1305844034271936514.png,52360,36900,yes,no,no,no,no,no,plant,yes
642,3_1475854558173802496.png,60613,28575,yes,no,no,no,yes,no,trees,no
643,3_1554450877838229504.png,53249,39825,yes,no,no,yes,no,no,plant,no
644,3_1544326113953923072.png,49669,38025,no,no,no,no,no,no,plant,yes
645,3_1440013209709289484.png,38196,32850,no,no,yes,yes,no,no,plants,no
646,3_1358778945106247681.png,29369,31950,no,no,no,no,yes,no,plant,yes
647,3_1547610202307829760.png,50939,50625,yes,no,no,no,yes,no,plant,yes
648,3_1527363083303170048.png,54260,28575,no,no,no,yes,no,no,plants,yes
649,3_1539270004679446528.png,50390,33525,no,no,no,no,no,yes,plant,yes
650,3_1403331190560595969.png,91378,49050,no,no,no,yes,no,no,flower,yes
651,3_1362455453595222016.png,54300,29025,no,no,no,no,no,yes,plant,no
652,3_1138161291736911872.png,58573,32625,yes,no,no,yes,yes,no,plants,yes
653,3_1537175752352972800.png,79662,50625,no,yes,no,yes,no,yes,plant,yes
654,3_1365341397151326208.png,25568,26550,yes,no,yes,yes,no,no,plant,no
655,3_1552709523118473220.png,102569,50625,no,no,no,no,no,no,plant,yes
656,3_1535625407705251846.png,25305,40275,no,yes,yes,yes,no,yes,plant,yes
657,3_1525933287943839745.png,51639,40500,no,no,yes,yes,no,no,plant,yes
658,3_1532056921389383687.png,61488,38025,yes,no,no,yes,yes,yes,plant,yes
659,3_1450887918214602770.png,50604,38025,no,no,no,yes,no,no,plants,no
660,3_1483090505579712514.png,52108,33300,no,no,yes,yes,no,no,plant,no
661,3_1315823163792650240.png,31522,32400,no,no,no,no,no,no,plant,yes
662,3_1433082197431422976.png,44040,28575,no,yes,no,no,no,no,plant,yes
663,3_1514252325401022470.png,79925,40500,yes,yes,no,no,no,no,plant,no
664,3_1535315604235755520.png,14992,37800,yes,no,no,no,no,no,plant,yes
665,3_1309260356821360641.png,69611,33750,yes,yes,no,yes,yes,no,plant,no
666,3_1537121523512877056.png,86248,50625,yes,yes,no,yes,no,no,plant,yes
667,3_1364985572452892681.png,39854,28575,no,no,yes,yes,no,no,plant,yes
668,3_1260578806189916162.png,128652,50625,yes,no,no,no,no,no,plant,yes
669,3_1362798510647750656.png,60482,44325,no,no,no,no,no,no,plant,no
670,3_1544028271825899520.png,67984,38700,no,no,no,no,no,yes,plants,yes
671,3_1468317294686351372.png,61707,40725,no,no,no,no,no,no,flowers,no
672,3_1526200570649903107.png,30288,26550,no,yes,no,yes,no,no,plant,no
673,3_1363852622961246212.png,34838,25425,no,yes,no,no,no,no,plant,no
674,3_1493963600251301909.png,47753,35325,no,no,yes,yes,yes,yes,plant,yes
675,3_1350883028453744643.png,66420,36000,no,no,yes,yes,no,no,plant,no
676,3_1204077974779121670.png,63919,34425,yes,no,no,no,no,no,plants,yes
677,3_1525929512206221314.png,39504,44550,no,no,no,no,yes,no,plant,yes
678,3_1499438431096778754.png,48504,34200,no,no,no,no,no,no,book,no
679,3_1526646381221486594.png,77904,40275,yes,no,no,yes,no,yes,plant,yes
680,3_1483082421402836993.png,36451,43200,no,no,no,no,no,no,plant,no
681,3_1331327411091361792.png,35262,26550,no,no,no,no,no,yes,plant,yes
682,3_1338522976627658752.png,91546,50625,no,no,no,no,no,no,plant,no
683,3_1549138442239594496.png,43774,38025,yes,no,no,no,no,no,plants,yes
684,3_1476573753249312770.png,55631,28575,no,yes,yes,yes,no,no,plants,no
685,3_1419733528896491530.png,33855,47700,no,no,no,no,yes,no,plant,yes
686,3_1466068798176469003.png,56548,38025,yes,no,no,no,no,no,plant,yes
687,3_1342462730385707010.png,29005,37350,yes,no,no,no,yes,no,plant,yes
688,3_1428009464322478087.png,33399,26550,no,yes,no,no,no,no,plant,no
689,3_1553017952949215232.png,62857,29475,yes,no,no,no,no,no,plants,yes
690,3_1484941443609333765.png,47582,44550,yes,yes,yes,yes,yes,no,plant,yes
691,3_1379419094768816128.png,33384,25425,no,yes,no,yes,no,no,plant,yes
692,3_1500949452999348230.png,52568,50625,yes,no,yes,yes,no,yes,plant,yes
693,3_1526564154361905154.png,62333,36225,no,no,no,yes,no,yes,plant,yes
694,3_1451560259689107457.png,47392,40725,yes,no,yes,yes,no,no,plant,yes
695,3_1554925265809195015.png,76590,38025,no,no,no,no,no,no,flowers,no
696,3_1448761030188978184.png,67373,50625,no,no,no,yes,no,no,plant,no
697,3_1454078107497992200.png,119648,50625,yes,no,no,no,no,no,plant,yes
698,3_1549411910692605952.png,65156,38250,yes,no,no,no,yes,no,plant,yes
699,3_1549397464389746688.png,61810,36000,no,no,no,no,no,no,plants,no
700,3_1524743713569845249.png,60872,38025,no,yes,no,yes,yes,no,plant,yes
701,3_1512085348741836800.png,86824,45000,no,no,no,no,yes,no,plant,yes
702,3_1488527740907266059.png,38268,25425,yes,yes,no,yes,no,no,plants,yes
703,3_1323367013910282240.png,18382,26775,no,yes,yes,yes,no,no,plant,no
704,3_1459189760623366151.png,96844,50625,no,no,no,no,no,no,flower,no
705,3_1493313503360397321.png,55253,42525,yes,no,no,no,no,no,flowers,no
706,3_1528738003203637249.png,90224,49050,no,no,yes,yes,yes,no,plants,no
707,3_1521593726925262848.png,66449,33525,yes,no,no,yes,no,no,plant,yes
708,3_1468967597714509829.png,76670,50625,no,yes,no,yes,yes,no,plants,yes
709,3_1396881266578964482.png,38547,28575,no,yes,no,yes,no,no,plant,yes
710,3_1498712479991533570.png,90343,41400,no,yes,yes,yes,no,no,plant,yes
711,3_1554497522516762624.png,52641,40500,no,no,yes,no,no,no,plant,no
712,3_1557528979049009152.png,52069,47700,no,no,no,no,no,yes,plant,yes
713,3_1431261481107079168.png,78654,50400,no,yes,no,no,no,no,plant,yes
714,3_1326268850942439424.png,51908,28575,no,no,no,no,yes,no,plant,yes
715,3_1428446763426488325.png,52352,28350,no,no,no,yes,no,no,plant,no
716,3_1508515995400421382.png,49697,33750,no,yes,no,yes,yes,no,plant,yes
717,3_1472205204124753923.png,48256,28575,no,yes,yes,yes,yes,no,trees,no
718,3_1512452939129970691.png,24813,33525,no,yes,no,no,no,yes,plant,no
719,3_1474088127224446978.png,88991,40500,yes,yes,no,no,no,no,plant,no
720,3_1530262587216207872.png,75140,33750,yes,no,no,yes,yes,no,plants,yes
721,3_1362078869843562498.png,63704,50625,no,no,no,yes,no,no,plant,no
722,3_1495760643772801031.png,81739,50625,yes,yes,no,yes,no,no,plant,no
723,3_1523996416770813960.png,32690,28575,no,yes,no,yes,no,no,plant,no
724,3_1504080928548827138.png,65387,33750,yes,no,no,yes,no,no,plant,no
725,3_1223269798693523456.png,32482,25425,no,no,no,yes,no,no,plant,no
726,3_1488643095587659789.png,39324,28575,yes,yes,no,yes,no,no,plant,no
727,3_1545753231313231872.png,89328,40500,no,no,no,no,no,no,plants,no
728,3_1496523982740328455.png,68570,39150,yes,no,no,yes,yes,no,flowers,yes
729,3_1488279280853389313.png,42507,26550,yes,yes,no,yes,no,no,plants,no
730,3_1351186374339268612.png,62371,50400,no,no,no,yes,no,no,plant,no
731,3_1231990689661059072.png,56356,36225,yes,yes,yes,yes,no,yes,plant,yes
732,3_1475147045723942913.png,25398,25425,no,yes,no,no,no,no,plant,yes
733,3_1472936064700624906.png,49901,50625,yes,no,no,no,yes,no,plant,yes
734,3_1556684355438841856.png,45961,33750,no,no,no,no,no,no,plant,no
735,3_1336357716961468419.png,79570,39825,yes,no,no,yes,yes,no,plant,yes
736,3_1353087364202196993.png,40071,21600,no,no,no,no,no,yes,plant,yes
737,3_1498300898078035971.png,58667,50625,no,no,no,no,no,no,plant,yes
738,3_1363853282230296581.png,39605,25425,no,yes,no,yes,no,no,plant,yes
739,3_1552708104260829186.png,57781,35550,no,no,no,no,yes,no,plants,no
740,3_1403420657078185992.png,53528,33750,no,no,no,no,no,no,plants,yes
741,3_1455990348417695745.png,60409,28575,no,no,no,yes,yes,no,plants,yes
742,3_1517532601279557634.png,82493,38025,yes,no,no,no,no,yes,plants,yes
743,3_1340425761317117952.png,87296,38025,no,no,no,yes,no,no,trees,no
744,3_1475194037724459015.png,39407,25425,yes,no,no,yes,no,no,plants,no
745,3_1392208185684021252.png,45010,28575,yes,no,no,yes,yes,no,plant,yes
746,3_1532724178218000389.png,41261,37800,yes,no,yes,no,no,no,plant,yes
747,3_1324084658817159179.png,16814,25425,no,no,no,yes,yes,no,plant,no
748,3_1506994420029300739.png,48531,35775,no,no,no,yes,no,no,plant,no
749,3_1374036396449492992.png,26249,28350,no,no,yes,yes,no,no,plant,no
750,3_1491785100320669698.png,22881,28575,yes,yes,yes,yes,no,no,plant,no
751,3_1331706416160190470.png,54114,32850,no,no,yes,no,no,no,plant,no
752,3_1500954820710068225.png,59091,26775,no,no,no,yes,yes,no,plants,no
753,3_1487153863002148870.png,50762,50625,yes,no,no,yes,no,no,plant,yes
754,3_1407036731652644864.png,32873,16650,yes,no,yes,no,yes,no,plant,yes
755,3_1489230147756519424.png,56582,33750,no,no,no,yes,yes,no,plant,no
756,3_1549074903193866240.png,59128,34875,yes,no,no,no,no,yes,plants,yes
757,3_1372179700630585345.png,63664,33750,yes,no,no,no,no,yes,plant,yes
758,3_1468668415833423873.png,37925,28575,no,yes,no,no,no,yes,plant,yes
759,3_1517212827479642113.png,84846,50625,yes,no,no,no,no,no,plant,yes
760,3_1508791459138482183.png,57425,38475,yes,no,no,no,yes,no,plant,no
761,3_1446820155523313669.png,66948,30600,no,yes,no,no,no,no,plant,no
762,3_1511766061779230721.png,51091,38025,yes,yes,no,no,no,no,plant,yes
763,3_1535291028600659969.png,85744,44100,yes,no,no,yes,yes,no,plant,yes
764,3_1400565844049006596.png,42972,25425,no,yes,no,no,no,no,plant,yes
765,3_1497213751770165248.png,90041,49050,no,no,no,no,no,no,plant,no
766,3_1453723549353451526.png,49191,29475,yes,no,no,yes,no,no,plant,yes
767,3_1556248919461531650.png,52493,40500,no,yes,no,yes,no,no,plant,no
768,3_1526565804761808897.png,105770,50625,yes,no,no,yes,yes,yes,plant,yes
769,3_1431678393075081219.png,21844,27000,no,yes,no,no,no,no,plant,yes
770,3_1555575119740796928.png,39353,27450,yes,no,no,no,no,no,plant,yes
771,3_1298938954658516992.png,42300,31950,yes,yes,no,no,no,no,plant,yes
772,3_1452950815631679498.png,91590,40500,no,no,no,no,no,no,plant,no
773,3_1374330657032314880.png,69932,50625,no,no,yes,yes,no,no,plant,no
774,3_1426211248417427456.png,26827,39150,yes,yes,no,no,no,yes,plant,yes
775,3_1507402507609423880.png,77416,50625,yes,yes,no,yes,no,yes,plants,yes
776,3_1541775396995321856.png,28372,35100,yes,no,no,no,yes,no,plant,yes
777,3_1468597739428659200.png,72253,50625,yes,no,no,no,yes,yes,plant,yes
778,3_1466169554774769664.png,30591,26100,yes,yes,no,yes,yes,no,plants,yes
779,3_1403068943942754317.png,58887,33750,yes,no,no,yes,no,no,plant,no
780,3_1295813229474713600.png,51908,28575,no,no,no,no,yes,no,plant,yes
781,3_1130496446145413120.png,77671,50625,no,yes,no,yes,no,no,plant,no
782,3_1553366749189398528.png,87879,50625,no,no,no,no,no,no,plant,no
783,3_1530534429839572992.png,66049,33750,yes,no,yes,yes,yes,no,plant,yes
784,3_1295375515948322823.png,69817,49725,yes,yes,no,no,no,no,plants,no
785,3_1503374731734663173.png,60098,38025,no,no,no,yes,yes,no,plant,yes
786,3_1253709798538960897.png,55753,36000,yes,no,no,yes,yes,no,plant,yes
787,3_1528754686626504705.png,42613,28575,no,no,no,no,no,no,plant,yes
788,3_1541824770290991108.png,57726,28800,no,yes,yes,yes,no,no,plants,no
789,3_1381972506681208832.png,27325,27000,no,yes,no,yes,no,no,plant,no
790,3_1322574082681065472.png,68255,40950,yes,no,no,yes,no,no,plant,no
791,3_1312418754370904065.png,68714,38250,yes,no,no,yes,yes,no,plants,yes
792,3_1420082491453497344.png,50018,28575,no,yes,no,no,no,no,plant,yes
793,3_1509996283653677064.png,42504,33750,yes,no,no,no,yes,no,neither,yes
794,3_1525902334299148288.png,31501,23625,no,no,yes,yes,no,yes,plants,yes
795,3_1539654792624148480.png,83532,50625,no,no,no,no,no,no,plants,yes
796,3_1436328725931597829.png,62133,33525,yes,yes,no,no,no,no,plant,no
797,3_1391812353113485312.png,55536,28575,no,no,yes,yes,no,no,plants,no
798,3_1356230698777108480.png,40255,26775,no,yes,no,no,no,no,plant,yes
799,3_1309212566342828032.png,19941,28125,no,no,no,no,no,no,plant,no
800,3_1420813961654644736.png,55468,40500,no,no,yes,yes,no,yes,plant,no
801,3_1298270678366396416.png,37824,35325,yes,no,no,no,yes,no,plant,yes
802,3_1501239275022692362.png,81122,50625,no,no,no,no,yes,no,plant,yes
803,3_1499077078075191297.png,71908,37575,yes,no,yes,yes,yes,no,plants,yes
804,3_1480612465859698689.png,54260,31500,yes,yes,no,no,no,yes,plant,yes
805,3_1283073494725664768.png,22462,22275,no,no,yes,no,yes,no,plant,yes
806,3_1556684355434647556.png,34064,37125,no,no,yes,no,no,no,plant,no
807,3_1403073447643815943.png,64443,33750,yes,no,no,yes,no,no,plant,yes
808,3_1461041649900007425.png,46564,33975,yes,yes,no,no,no,no,plant,yes
809,3_1369022398754881537.png,41891,33975,no,yes,yes,yes,no,no,plants,no
810,3_1252613806460731402.png,68869,45675,yes,no,no,no,yes,no,plants,no
811,3_1527258040264708100.png,30288,26550,no,yes,no,yes,no,no,plant,no
812,3_1525457832191082496.png,16449,28575,no,no,no,no,no,no,plant,no
813,3_1538492818116714499.png,75424,40500,no,yes,yes,yes,no,no,plants,no
814,3_1542601081716297728.png,58902,28575,yes,yes,no,yes,yes,no,plant,yes
815,3_1488899199739600900.png,92934,50625,yes,no,no,yes,no,yes,plant,yes
816,3_1351919173350383620.png,42991,29025,no,yes,no,no,no,no,plant,no
817,3_1499386627147325441.png,87861,50625,no,no,yes,no,no,no,plant,no
818,3_1428512221764726793.png,59194,39825,yes,no,yes,no,no,no,plant,yes
819,3_1520024044145422338.png,41215,37350,no,no,yes,yes,no,no,plant,no
820,3_1344301359261249537.png,85428,38025,no,yes,no,yes,no,no,plants,yes
821,3_1532361864780333058.png,32168,28575,no,yes,no,yes,no,no,plant,no
822,3_1438535658826518531.png,60123,33975,yes,yes,yes,yes,no,yes,plant,no
823,3_1487183734096941062.png,63957,28575,yes,no,yes,yes,yes,no,plant,no
824,3_1394732388404453379.png,15316,28575,no,no,no,no,yes,no,plant,yes
825,3_1557019423227219972.png,85571,50625,yes,yes,yes,no,no,no,plants,yes
826,3_1424453330852589576.png,19384,28575,no,no,no,no,yes,no,plant,yes
827,3_1475584345586946048.png,77414,47025,yes,yes,no,yes,no,yes,plant,yes
828,3_1554934133469564928.png,16235,46800,yes,no,yes,yes,no,no,plant,no
829,3_1425210449788866566.png,63812,30600,no,no,no,yes,yes,no,plant,no
830,3_1250096770727714817.png,58483,29250,yes,no,yes,no,no,no,plant,yes
831,3_1524864388326473742.png,59566,33750,yes,yes,no,yes,no,no,plants,yes
832,3_1449043337802133515.png,38326,25425,yes,no,no,yes,yes,no,plant,no
833,3_1394996271321071619.png,52734,28575,no,no,no,no,no,no,plant,yes
834,3_1542866373264740356.png,62927,33750,yes,yes,no,no,no,no,plant,yes
835,3_1492893276633907205.png,86695,50625,no,no,no,no,no,no,flowers,no
836,3_1557443873172905984.png,43450,40500,no,no,yes,yes,no,no,plant,no
837,3_1428706721392955392.png,39394,38475,no,yes,no,no,no,yes,plant,no
838,3_1550176648603074565.png,52885,33750,no,no,no,yes,yes,no,plant,no
839,3_1189931252847202304.png,126213,50175,yes,yes,no,no,no,no,plants,yes
840,3_1496575997336076294.png,119236,50625,no,no,no,no,no,no,tree,no
841,3_1322937149432451077.png,65012,34200,no,no,no,no,no,no,plant,no
842,3_1518922957132808193.png,35757,28575,yes,no,no,no,yes,no,plant,yes
843,3_1371808983296671746.png,44293,25425,yes,yes,no,yes,no,no,plant,yes
844,3_1483474223905402884.png,49964,42300,no,yes,no,no,no,no,plant,no
845,3_1480556126940893187.png,31379,41175,no,no,no,no,no,no,plant,yes
846,3_1385595300576960519.png,63598,40500,yes,yes,no,yes,no,no,plant,no
847,3_1543607097916530694.png,34994,24975,no,no,no,no,no,yes,plant,yes
848,3_1440288317807861768.png,81425,50625,yes,yes,no,yes,yes,no,plants,no
849,3_1493620135835406341.png,31070,23175,no,no,yes,yes,no,no,plant,no
850,3_1529077293993365504.png,30288,26550,no,yes,no,yes,no,no,plant,no
851,3_1384188957991202826.png,52136,25425,yes,no,no,yes,no,yes,plant,yes
852,3_1484150394670370816.png,59614,38025,yes,yes,no,no,yes,yes,plant,yes
853,3_1487468227278131204.png,89440,40725,no,no,no,no,no,no,plants,yes
854,3_1540084841198362625.png,99694,50625,no,yes,no,yes,no,yes,plants,yes
855,3_1554150033985097729.png,46160,38025,yes,no,no,no,yes,no,plant,yes
856,3_1509534179641499651.png,51456,33975,yes,no,no,no,no,no,plant,yes
857,3_1221079037130498048.png,51449,34200,yes,yes,yes,yes,yes,yes,plant,yes
858,3_1357804448219885570.png,49076,38025,yes,no,no,no,no,yes,plant,yes
859,3_1554251633613209603.png,56640,32175,no,no,no,no,no,yes,plant,yes
860,3_1313654908583849984.png,50602,28575,yes,no,no,no,yes,no,plant,yes
861,3_1243922821073551362.png,40028,33075,yes,no,no,no,yes,no,plant,yes
862,3_1384132221007654916.png,48314,28575,yes,yes,no,yes,yes,no,plant,yes
863,3_1483198034355785730.png,25380,28575,yes,yes,yes,yes,no,no,plants,no
864,3_1557357247310749700.png,86666,37800,yes,no,no,no,yes,no,plants,yes
865,3_1480944662605090821.png,34316,26550,yes,yes,no,yes,no,no,plant,no
866,3_1547253800125300736.png,50162,29925,yes,no,no,no,yes,no,plants,no
867,3_1542596837831544832.png,5075,16425,no,yes,no,no,no,no,plants,no
868,3_1533781718158696449.png,44610,22725,no,no,no,yes,no,no,plant,no
869,3_1475466730902282244.png,30930,28575,no,yes,no,yes,no,no,plant,no
870,3_1448662819713343491.png,35250,28575,no,no,no,no,no,no,plant,yes
871,3_1555535593416933376.png,64972,50625,yes,no,no,no,no,no,plant,no
872,3_1235592229193842689.png,13582,25425,yes,no,no,no,yes,yes,plant,yes
873,3_1204076718157266944.png,67798,38025,yes,no,no,no,no,no,plant,yes
874,3_1552987548842135554.png,36907,40950,no,yes,yes,yes,yes,no,plant,no
875,3_1502302464384585734.png,59601,33750,yes,yes,no,yes,yes,no,plant,yes
876,3_1437390935638216705.png,39144,26550,yes,no,no,no,yes,no,plant,yes
877,3_1303763524779257856.png,67657,33750,yes,no,no,yes,no,yes,plant,yes
878,3_1328431931726458880.png,65882,33525,yes,no,no,yes,yes,no,plant,no
879,3_1364307307203604482.png,46015,40500,no,no,yes,no,yes,no,trees,no
880,3_1328764300593225730.png,43833,30600,no,no,no,yes,yes,no,plant,yes
881,3_1333833909445029889.png,48926,25425,yes,yes,no,no,yes,no,plant,no
882,3_1416016456668614658.png,84933,44325,yes,no,no,no,yes,no,plant,yes
883,3_1324470313527222272.png,24668,26550,no,yes,no,yes,no,no,plant,no
884,3_1234878175210954753.png,71750,34875,yes,no,no,yes,yes,yes,flowers,yes
885,3_1335967810435117057.png,27985,28350,yes,no,no,no,no,no,plants,no
886,3_1442157380158906370.png,99590,50625,yes,yes,no,yes,yes,no,plants,no
887,3_1501219547654754305.png,54990,37125,yes,yes,no,yes,no,no,plant,yes
888,3_1515361129777696769.png,57902,38025,yes,no,no,yes,no,yes,plant,yes
889,3_1522289507814494208.png,36434,38025,yes,no,no,no,no,yes,plant,yes
890,3_1501928308929282051.png,55903,26550,yes,yes,no,no,yes,no,plant,yes
891,3_1537155493180882945.png,73407,42750,no,yes,no,no,no,no,plant,no
892,3_1473661687551205383.png,48034,40500,yes,no,yes,yes,yes,no,plant,no
893,3_1537899136313225219.png,95039,38025,yes,no,no,no,yes,no,plant,yes
894,3_1400156698908631040.png,50835,33075,no,no,yes,yes,no,no,plant,no
895,3_1515096697138995223.png,86824,45000,no,no,no,no,yes,no,plant,yes
896,3_1513964297243795457.png,39852,28575,no,no,no,yes,yes,no,plant,yes
897,3_1337498316087701504.png,75913,33300,no,no,no,yes,no,no,plants,yes
898,3_1357397192424755201.png,71433,39825,no,no,yes,yes,no,no,plant,no
899,3_1555530497383493632.png,119807,49050,no,yes,no,yes,yes,no,trees,yes
900,3_1554133495059861504.png,42454,50625,yes,yes,no,no,yes,no,plant,yes
901,3_1467673967485927427.png,28775,25425,yes,yes,no,yes,no,no,plant,no
902,3_1445424265185144832.png,32393,33975,no,no,no,no,yes,no,plant,yes
903,3_1450109937221255169.png,68786,48600,yes,no,yes,yes,no,no,plant,no
904,3_1450930446926233608.png,62663,35100,yes,no,no,no,yes,no,plants,yes
905,3_1557754465574338560.png,51433,28575,yes,yes,no,no,no,no,plant,yes
906,3_1552730782007005184.png,49241,38700,no,no,yes,no,yes,no,plant,no
907,3_1513858227766796288.png,51853,28575,yes,no,no,yes,yes,yes,plant,yes
908,3_1497668040279928833.png,44167,50625,yes,no,no,no,yes,no,plant,yes
909,3_1449042885681221637.png,93963,38025,no,no,no,no,yes,no,plants,no
910,3_1521946408307286016.png,28038,25425,no,yes,yes,yes,no,no,plant,yes
911,3_1414585826537844741.png,56122,40500,no,no,yes,yes,no,no,plants,no
912,3_1410660734313414656.png,69674,32850,yes,no,no,yes,yes,no,plant,no
913,3_1425434419150589955.png,64603,28575,yes,no,no,no,yes,no,plant,yes
914,3_1503399310209302531.png,56077,26550,yes,yes,no,no,yes,no,plants,yes
915,3_1384540722754371586.png,67649,39600,no,no,yes,yes,yes,no,plant,no
916,3_1503762040309100559.png,51847,33750,yes,yes,no,yes,no,no,plant,no
917,3_1306318952813924352.png,13740,28575,no,no,no,no,no,no,plant,no
918,3_1545393767233966080.png,14161,19350,no,yes,no,no,no,no,plant,yes
919,3_1546585178302185472.png,42821,37350,no,no,yes,yes,no,no,plant,no
920,3_1414706318326345732.png,77922,40500,yes,no,yes,yes,yes,no,plant,yes
921,3_1309161343539437571.png,44515,27000,no,no,no,no,no,no,plant,no
922,3_1543340237161652224.png,13998,50400,no,no,yes,yes,no,no,plant,no
923,3_1456287045798666242.png,45601,28575,no,no,no,yes,no,no,plants,no
924,3_1527016204115795968.png,61565,36225,yes,no,yes,yes,no,no,plant,no
925,3_1530594845248655360.png,65357,33750,yes,no,no,yes,no,no,plants,yes
926,3_1479090514817388545.png,69135,33750,no,no,yes,yes,yes,no,plant,no
927,3_1460984079101407240.png,59254,50625,yes,no,no,no,no,no,plant,no
928,3_1443212240002367491.png,68007,32850,yes,no,no,yes,yes,no,plant,no
929,3_1541414202925060097.png,52234,34425,no,no,no,no,no,no,plant,no
930,3_1444014408976502795.png,57376,39600,yes,no,yes,yes,no,yes,plants,no
931,3_1432421624314318849.png,111832,50625,yes,no,no,no,yes,no,plants,no
932,3_1484148960876969990.png,46600,33750,no,no,yes,no,no,no,plant,yes
933,3_1365332752258785293.png,47795,38250,no,no,yes,yes,no,no,plant,no
934,3_1389199334361677827.png,49191,29475,yes,no,no,yes,no,no,plant,yes
935,3_1522290206208143365.png,66935,33975,yes,no,no,no,yes,no,plants,yes
936,3_1453119524384002050.png,24561,26550,no,no,no,yes,no,no,plant,no
937,3_1525491361641811970.png,40444,24075,yes,yes,no,yes,no,no,plant,no
938,3_1523286730761289729.png,80572,37800,no,no,yes,yes,no,no,plant,no
939,3_1357731907124031490.png,51366,36450,no,no,yes,yes,no,no,plant,no
940,3_1471522148627980289.png,42903,40050,no,yes,no,no,no,no,plant,no
941,3_1482065938409209862.png,49460,28575,no,yes,no,no,yes,no,plant,yes
942,3_1243973123361452033.png,76760,33975,no,no,no,yes,yes,no,plants,yes
943,3_1525529878937931782.png,48428,40500,yes,no,no,no,yes,no,plant,yes
944,3_1527380684364726272.png,47576,31500,no,no,no,yes,no,yes,plant,no
945,3_1414666247539773444.png,46211,36675,no,yes,yes,no,no,no,plant,yes
946,3_1553854516507955200.png,63191,49725,no,no,yes,no,no,no,plant,yes
947,3_1194997186582532097.png,82001,35550,yes,no,no,yes,yes,no,plant,yes
948,3_1545191182086569985.png,51596,32850,no,no,no,no,no,yes,plant,yes
949,3_1556966111127683072.png,43527,28575,no,yes,no,yes,no,no,plant,no
950,3_1436352639609057285.png,22167,50625,no,no,no,no,no,no,plant,yes
951,3_1451504046133628929.png,104283,50625,yes,no,no,no,no,no,plants,yes
952,3_1459220711889899523.png,37324,25425,no,yes,no,no,no,yes,plant,no
953,3_1517566163647184897.png,54848,42525,yes,yes,no,no,yes,no,plant,yes
954,3_1356241344780500994.png,40409,25425,yes,yes,no,yes,no,no,plant,yes
955,3_1494687157302276099.png,77896,38025,no,no,no,no,no,no,plant,yes
956,3_1542515844848046093.png,45372,43425,yes,no,yes,yes,yes,no,plant,no
957,3_1455529584519155717.png,43815,28575,no,no,no,yes,yes,yes,plant,yes
958,3_1351896988481155072.png,73388,34875,no,no,no,no,no,no,plant,no
959,3_1508791164618657793.png,77253,50400,yes,yes,no,yes,no,no,plant,no
960,3_1445377384027414529.png,58765,40500,yes,no,yes,no,no,yes,plant,yes
961,3_1374765505077252102.png,23995,28575,no,yes,no,yes,no,no,plant,no
962,3_1542901785827885056.png,93997,50625,no,no,no,yes,no,no,plants,no
963,3_1352673382186307586.png,72219,35775,no,yes,no,yes,yes,no,plant,no
964,3_1384558648354123778.png,43291,23175,yes,yes,no,no,no,no,plant,no
965,3_1422547110512181263.png,63460,36450,yes,no,no,no,no,no,plants,yes
966,3_1525445911094218752.png,52476,32625,yes,no,no,yes,no,no,plants,yes
967,3_1496575681156853766.png,46145,40500,yes,no,no,yes,no,no,plant,no
968,3_1554590352362840065.png,70210,36450,no,no,no,no,no,yes,plant,yes
969,3_1500899463040229389.png,42969,33075,no,no,no,no,no,no,plant,no
970,3_1306726817722761217.png,17581,28575,no,no,yes,yes,no,yes,plant,no
971,3_1461786438211616770.png,54217,50625,yes,yes,no,yes,no,no,plant,no
972,3_1456652107784732677.png,59301,28575,no,yes,no,no,no,no,books,no
973,3_1531712424688201728.png,75056,33975,no,no,no,yes,no,yes,plants,yes
974,3_1301584544471166978.png,53237,50625,yes,yes,no,yes,no,no,plant,yes
975,3_1514321063668191235.png,27691,28575,yes,yes,yes,yes,no,no,plant,no
976,3_1531637085534404608.png,64480,50625,no,no,no,yes,no,no,plants,no
977,3_1424015016567709703.png,79402,39150,yes,no,no,yes,no,no,plant,yes
978,3_1387539633249062916.png,89841,50400,no,no,no,yes,yes,yes,plants,no
979,3_1359886300845723652.png,31971,28575,yes,no,no,no,yes,no,plant,yes
980,3_1501267038999924740.png,44745,27450,no,yes,no,yes,no,no,plant,yes
981,3_1392477534885928963.png,21673,28575,no,yes,no,no,no,no,plant,no
982,3_1448389215750737920.png,67699,38025,no,yes,yes,no,no,no,plant,no
983,3_1526224108618452993.png,31592,25875,no,no,no,no,yes,no,plant,yes
984,3_1526919877805621249.png,49250,25875,no,no,yes,yes,no,no,plants,no
985,3_1500808606052196362.png,91790,40725,no,no,no,no,no,no,flowers,no
986,3_1402303446901010437.png,57470,28800,yes,no,no,no,yes,no,plants,yes
987,3_1404515966520893442.png,36260,50625,no,no,no,no,yes,no,plant,yes
988,3_1283076785035517959.png,34208,25425,yes,no,no,no,no,yes,plant,yes
989,3_1525442452668170240.png,85752,38025,no,no,no,no,no,no,plant,yes
990,3_1542236493749559298.png,61992,33750,no,yes,no,yes,no,no,plants,no
991,3_1522556229645656069.png,89996,40500,yes,no,no,no,no,yes,flowers,yes
992,3_1428006277842620424.png,39509,35325,no,yes,yes,yes,no,no,plant,no
993,3_1532754744845996032.png,47450,30375,yes,yes,no,yes,no,no,plant,yes
994,3_1462507359280975884.png,30651,48825,yes,no,no,no,yes,yes,plant,yes
995,3_1489267264641773584.png,69163,35550,no,no,no,yes,yes,no,plant,yes
996,3_1416018283917160448.png,30066,25650,no,no,no,no,no,yes,plant,yes
997,3_1319262845884923904.png,33962,25425,no,yes,no,no,no,no,plant,no
998,3_1543233529886146563.png,94062,50625,no,yes,no,yes,no,no,plants,no
999,3_1367586091033837568.png,48065,39150,no,no,no,yes,no,no,plant,no
