,filename,caption,score
0,3_1534929690548387841.png,"a black vinyl record with the words,'the paradise boys'on it",0.9999337196350098
1,3_1466060138289283079.png,a sun on a blue background,0.9996335506439209
2,3_1369287194674921475.png,two birds sitting on top of a tree,0.00017537764506414533
3,3_1330890143285325824.png,a woman carrying a bunch of flowers,0.35070085525512695
4,3_1479278620615000066.png,a cell phone on a table,0.3103492259979248
5,3_1373659595336347648.png,a group of men walking down the street,0.924053966999054
6,3_1369647875236524037.png,a woman,0.3716796338558197
7,3_1546576817133322240.png,some flowers on a pink background,0.985732913017273
8,3_1523753379142545408.png,a group of people in front of a cherry tree,0.9992719292640686
9,3_1503521063921238022.png,a man sitting on a bench,0.16674542427062988
10,3_1253747899554463749.png,an american flag on a building,0.6221739649772644
11,3_1445386987104526342.png,a woman's head,0.6718689203262329
12,3_1440043420798513157.png,a sun on a blue background,0.9996335506439209
13,3_1546464390618255360.png,a music player on a cd,0.9866543412208557
14,3_1357724944050909186.png,a bunch of different colored circles,0.574643611907959
15,3_1511033111093600256.png,a man singing into a microphone,0.5115277767181396
16,3_1366403285192744966.png,a woman wearing a hat,0.617690920829773
17,3_1229805710919159808.png,a white building with a blue sky in the background,0.9798046350479126
18,3_1532450469963911168.png,a woman holding up a drawing,0.9974881410598755
19,3_1537818208673087492.png,a man and a little girl in a field,0.9710073471069336
20,3_1527290108847656967.png,a guitar,0.8832466006278992
21,3_1549726031820488704.png,two women standing next to a car,0.7550657987594604
22,3_1506731239092350976.png,a woman with blonde hair,0.3349034786224365
23,3_1362800619128561665.png,a man signing a document,0.8868826627731323
24,3_1509863263298895873.png,a group of men playing instruments,0.9553120136260986
25,3_1542840641595523072.png,a group of people posing for a photo,0.5222269296646118
26,3_1472950232426106890.png,a book on a table,0.9549171328544617
27,3_1478805178648309760.png,a woman with grey hair and glasses,0.998450517654419
28,3_1501577202898456580.png,a person holding a small fish,0.4624856114387512
29,3_1513914668875759616.png,a plant with leaves on it,0.8023121953010559
30,3_1509514446477135874.png,two women dancing together,0.7926974892616272
31,3_1376649794710614019.png,a man and woman in a kitchen,0.8688411116600037
32,3_1524841941329924117.png,a book cover with the title of the title,0.8705524802207947
33,3_1485252212112642049.png,a woman in a black and white photo,0.2532230615615845
34,3_1146798784350806016.png,the american flag on a television screen,0.04565485194325447
35,3_1428698917596708867.png,some flowers in the grass,0.6034678220748901
36,3_1553022411196379137.png,a woman sitting in a chair,0.6765367388725281
37,3_1379124245335265287.png,a young boy drawing on a table,0.602238655090332
38,3_1557733910359945218.png,an open book on a table,0.971034049987793
39,3_1519771139698044929.png,a flower bed in front of a building,0.981859028339386
40,3_1507696379661012992.png,a poster with a man on a motorcycle,0.9855586290359497
41,3_1506571820610240515.png,a group of people standing in front of a fountain,0.9850360155105591
42,3_1479603939725168640.png,a book and a picture of a picture of a book,0.9886916875839233
43,3_1554571930644127750.png,a group of people standing in a room,0.2519764006137848
44,3_1482041239901917184.png,the cover of a book with a drawing of a man's face,0.9927350282669067
45,3_1501270102351699974.png,a man in uniform,0.6655680537223816
46,3_1550843677500653569.png,a man looking through a telescope,0.9843323230743408
47,3_1493944147627151367.png,a computer with the words online office hours,0.9998123049736023
48,3_1351169061258838017.png,two people standing in front of a window,0.8036909699440002
49,3_1245037731991912449.png,a black hole in the sky,0.949753999710083
50,3_1454057941120737280.png,a man and a woman in a greenhouse,0.9978450536727905
51,3_1492861235125227524.png,a sheep standing in the grass,0.09053151309490204
52,3_1511463910884483078.png,an astronaut on the moon,0.544391930103302
53,3_1498781397837697026.png,a woman in a black and white photo,0.9375066757202148
54,3_1473345862424317971.png,a bird in the snow,0.23304258286952972
55,3_1158433753993228289.png,an empty room with white walls,0.7090899348258972
56,3_1438611158391472135.png,a man in a helmet climbing up a hill,0.8836840987205505
57,3_1422595113436516362.png,the cover of a book with a quote on it,0.6640980839729309
58,3_1507430230402600961.png,a street with people walking around it,0.01889587938785553
59,3_1298239309649240064.png,a man working on a computer,0.8133214712142944
60,3_1312405709028495360.png,a woman sitting in a chair,0.275432288646698
61,3_1283087765001908224.png,a book cover with two cats swimming in the water,0.002172973705455661
62,3_1497602586760908810.png,some leaves on a piece of paper,0.9969154596328735
63,3_1433054555063869441.png,a woman working in a kitchen,0.0022518772166222334
64,3_1458162701788753921.png,a woman in a blue dress,0.01658777892589569
65,3_1555592865841029127.png,a group of people walking in front of an airplane,0.9243462085723877
66,3_1497602586756669444.png,a tree branch with leaves on it,0.4287877380847931
67,3_1540077487794917376.png,a boat in a room,0.8552084565162659
68,3_1516782497811636234.png,a person standing in front of a screen,0.9462941288948059
69,3_1525442452664066054.png,a plant in front of a building,0.9780578017234802
70,3_1532746083020832768.png,a baseball field with the sun setting in the background,0.9368413686752319
71,3_1556303654755377152.png,a rocking chair,0.990453839302063
72,3_1392932794616074241.png,a stamp with the word eid,0.9996151924133301
73,3_1295360061271924736.png,a woman in a white dress,0.9271837472915649
74,3_1517531819331227650.png,a bunch of plastic toys,0.8421359658241272
75,3_1492898998490779651.png,a plant with white flowers,0.9785772562026978
76,3_1494054251621933064.png,a group of people walking down a street,0.1620495468378067
77,3_1519723257007677440.png,a group of people sitting in the grass,0.8332846164703369
78,3_1515842689182351363.png,a box of chocolates,0.44081833958625793
79,3_1513950138913415174.png,a group of men standing in front of a helicopter,0.9838064908981323
80,3_1458419640053477377.png,a man holding a knife and a plate of food,0.03080170415341854
81,3_1357033630166622208.png,a penguin on a rocky beach,0.9153568148612976
82,3_1432815210260307982.png,a man and woman sitting on a bench,0.06001613661646843
83,3_1253290905383194625.png,a girl petting a rhino,0.9989891648292542
84,3_1486338224503066631.png,a woman wearing a helmet,0.8559253811836243
85,3_1513622517843640321.png,a panda bear in a bucket,0.9967599511146545
86,3_1534177168456040455.png,a fish in the water,0.04126477241516113
87,3_1555559752486223872.png,a man in an astronaut suit,0.9944286346435547
88,3_1554459159176757248.png,a group of people on a boat,0.8508043885231018
89,3_1554493464955478018.png,two men in a car with a guitar,0.998524010181427
90,3_1195329373265702913.png,two people sitting on a bench,0.013655511662364006
91,3_1316725563411886081.png,two women standing next to each other women,0.06301897019147873
92,3_1419695909105983488.png,a garden with lots of plants,0.3621419668197632
93,3_1456704588745162756.png,a room with a cross in it,0.6333910226821899
94,3_1461738103245205504.png,the helix nebula,0.9944747090339661
95,3_1525574174214856711.png,a woman in a plane,0.9951303005218506
96,3_1261293662870351874.png,the night sky before and after,0.9998340606689453
97,3_1488512811676405772.png,a man in black and white,0.2009032517671585
98,3_1551900348863881219.png,a group of people sitting on the beach,0.6827365756034851
99,3_1541412613942296576.png,a man in a suit and tie,0.018314003944396973
100,3_1318216185524211712.png,an elephant with its mouth open,0.2973932921886444
101,3_1351892818869026822.png,a stamp on a white background,0.9498199820518494
102,3_1479552789051289604.png,a man in a suit and tie,0.5292328000068665
103,3_1524192320865722368.png,an airplane in a museum,0.5401313900947571
104,3_1534267898595880962.png,an airplane parked in front of a building,0.949140191078186
105,3_1454810574362136578.png,a cat,0.3323078751564026
106,3_1441381265920323587.png,a flower,0.8746453523635864
107,3_1441103482551869449.png,two people in the woods,0.6833319664001465
108,3_1504475193363689486.png,a woman sitting at a table,0.3536914587020874
109,3_1535260294401773568.png,the national space museum logo,0.9998350143432617
110,3_1438458904887939073.png,a smiling woman,0.817586362361908
111,3_1462780415270440963.png,a man and a woman,0.25241348147392273
112,3_1506638522459070465.png,a woman sitting at a table,0.16901950538158417
113,3_1522993416103239681.png,a black and white floral pattern,0.900901198387146
114,3_1531637085886631936.png,a piece of paper with writing on it,0.982892632484436
115,3_1449042885668745220.png,some flowers in a garden,0.600877046585083
116,3_1250049035760697344.png,a man standing on a stage,0.9280734658241272
117,3_1423830096255885317.png,a cutting board with a knife,0.1238289326429367
118,3_1433415702141091844.png,two people standing in front of a map,0.9985243678092957
119,3_1552445081759653889.png,a woman in a white dress,0.4105055630207062
120,3_1534626347527684099.png,an old book with a title,0.986013650894165
121,3_1533056052035461122.png,an orange button with the words angela is free,0.9999659061431885
122,3_1189922483224363009.png,a person on a screen,0.5205739140510559
123,3_1359563483579301894.png,a group of people dancing,0.1635548621416092
124,3_1390380707399221252.png,a man sitting on a bench next to a book,0.6990305781364441
125,3_1521115025280221185.png,a group of people holding newspapers,0.9978027939796448
126,3_1456660276040843264.png,"a blue and orange background with the words,'the museum of the 21st century",0.9999186992645264
127,3_1373984452678914056.png,two people standing in the woods,0.9472218155860901
128,3_1487055100728197126.png,boxes stacked on a wall,0.8328328132629395
129,3_1391757654389891075.png,some food items on a table,0.029384279623627663
130,3_1524820561024753664.png,an airplane flying in the sky,0.46741095185279846
131,3_1337449649448361984.png,a bunch of pictures on a screen,0.9867950081825256
132,3_1463525021184368644.png,an old document with writing on it,0.9683321118354797
133,3_1521218026913386500.png,books on a shelf,0.9250781536102295
134,3_1529109036221833216.png,a map of the united states,0.7556807994842529
135,3_1509590690933751811.png,a man in a blue and red shirt,0.002943724859505892
136,3_1144757578519367680.png,a sign on a book shelf,0.9932299852371216
137,3_1354504986982453248.png,a statue of a man,0.8718534111976624
138,3_1243918858953555969.png,a cat sleeping on a piece of paper,0.8966224789619446
139,3_1356231980346703872.png,a group of men sitting around a table,0.4819798469543457
140,3_1508836457695358977.png,a woman in a dress,0.49625515937805176
141,3_1422187979041394690.png,a book with a picture of a scorpion on it,0.9881929755210876
142,3_1470486436860280835.png,a purple background with the words for second question please,0.9999748468399048
143,3_1363905997840945154.png,a hippoy,0.6306930184364319
144,3_1382763243320397824.png,a building with a statue in front of it,0.30143970251083374
145,3_1308823014797127682.png,a statue in front of a building,0.9207977056503296
146,3_1554859766740123650.png,a man in a leather jacket,0.6885762810707092
147,3_1422897687867924482.png,a man standing in front of a sun,0.9997324347496033
148,3_1248659837627572230.png,a woman in a blue dress,0.712920069694519
149,3_1180121949533401088.png,an auditorium with people in it,0.846786379814148
150,3_1462586773419315200.png,an envelope with a stamp on it,0.9958255290985107
151,3_1445377554362294274.png,a group of people in a room,0.5139434933662415
152,3_1522983619144425475.png,a person in a helicopter,0.9839009642601013
153,3_1252613125574139906.png,a painting on a wall,0.6149978637695312
154,3_1520026829364551681.png,a group of people marching down a street,0.7985851764678955
155,3_1477420598456303617.png,a drawing of two rabbits,0.002136701252311468
156,3_1311652651743010816.png,a man sitting in a chair,0.17866487801074982
157,3_1425557645252046873.png,a bird on a branch,0.5692095756530762
158,3_1438887992987463683.png,a baseball player holding a bat,0.28890594840049744
159,3_1490069221186887686.png,a woman sitting in a chair,0.9328679442405701
160,3_1498297026429210624.png,a bowl with a handle,0.9516362547874451
161,3_1474017730659598336.png,the cover of the report,0.9773352146148682
162,3_1298604496797532162.png,a poster with the number one on it,0.9956071972846985
163,3_1528171289642520577.png,three women sitting next to each other women,0.9857936501502991
164,3_1316725782170030085.png,leaves with a quote on it,0.9142444729804993
165,3_1534553087330902017.png,a wooden chair with a blue seat,0.9992820620536804
166,3_1387105553441251331.png,a sun on a blue background,0.9996335506439209
167,3_1460291589365018626.png,a bird and a book on a table,0.21909275650978088
168,3_1455173379984605191.png,a child eating a cake,0.04210740327835083
169,3_1478001990747795458.png,two children building a snowman,0.7892487645149231
170,3_1478500232392544263.png,a snowy day in the city,0.10418175160884857
171,3_1517541018937167872.png,a woman with a backpack,0.7017607092857361
172,3_1514626492562657284.png,a panda holding a pink heart,0.9999135732650757
173,3_1296883686164627456.png,a coin in a wooden box,0.9346575140953064
174,3_1507696384568442881.png,an advertisement for the american airlines,0.9982717037200928
175,3_1477363749505937410.png,a vase with flowers in it,0.06974977999925613
176,3_1257329808243073024.png,a ball on a table,0.9106760025024414
177,3_1498674588389158912.png,a woman making a vase,0.9888553023338318
178,3_1450486400210530305.png,a book with an image of a woman,0.993676483631134
179,3_1306633311951888384.png,a man in a black shirt,0.03937742859125137
180,3_1536448331689369602.png,an octopus in the ocean,0.786210834980011
181,3_1379166667087941634.png,an old postage stamp,0.9846231341362
182,3_1494322168477274113.png,a woman in black and white,0.4225800335407257
183,3_1332376172559208449.png,a sail on a body of water,0.6903776526451111
184,3_1397013840865411075.png,a group of men standing in front of a building,0.9698076248168945
185,3_1452950815631622147.png,some white flowers in a garden,0.9822328090667725
186,3_1541869191426342912.png,two men in suits and ties,0.08757160604000092
187,3_1379166666970513416.png,a log cabin on a postage stamp,0.9998379945755005
188,3_1363851430587736066.png,a log cabin in the woods,0.04970318451523781
189,3_1507341584349773825.png,a woman in a white dress,0.3870944082736969
190,3_1298660696457121793.png,an advertisement for a token token,0.9999078512191772
191,3_1507353302354309131.png,a woman with glasses and a striped shirt,0.9980108141899109
192,3_1430896967924609031.png,a purple and white background with the words our shared future,0.9999712705612183
193,3_1497300562265657346.png,the cover of the book on legal law and justice,0.9854798913002014
194,3_1550497982147084288.png,a dinosaur skeleton with a green ribbon around it,0.9999582767486572
195,3_1359491601714806786.png,a young boy sitting in a chair,0.8693718314170837
196,3_1438884213160353796.png,a baseball player holding a bat,0.28890594840049744
197,3_1553712214837796865.png,a man sitting on a rock,0.458923876285553
198,3_1539959097746784256.png,a man and woman smiling,0.6636238098144531
199,3_1431029955949907970.png,a purple and white background with the words our shared future,0.9999711513519287
200,3_1508791440226271232.png,two women standing next to each other women,0.6723942756652832
201,3_1489313343684833282.png,a man in a suit and tie,0.07466178387403488
202,3_1473432063147536384.png,a large room with a lot of people,0.7553489208221436
203,3_1555297034558660608.png,a small plane flying in the sky,0.4786154627799988
204,3_1511759256713760768.png,some flowers and plants in a garden,0.9002810120582581
205,3_1259455540436008960.png,a woman holding a baby,0.9157767295837402
206,3_1417870815966728193.png,some flowers in a garden,0.8651701807975769
207,3_1516391777275633672.png,a laptop on a table,0.11139047145843506
208,3_1491496467084857352.png,a person standing on a boat,0.9136028289794922
209,3_1466504523069988864.png,a tea towel with a pattern of bugs on it,0.9983616471290588
210,3_1475104234651725829.png,a group of people standing in front of a map,0.08988426625728607
211,3_1514321857821904896.png,"a piano with the words,'peter o'and'peter o '",0.8597129583358765
212,3_1547236070168809474.png,a group of people in a field,0.6601791977882385
213,3_1376883573068824579.png,butterflies with the words'not from nature ',0.9998779296875
214,3_1360964849480708101.png,a man with a beard,0.6212823987007141
215,3_1512792553166360576.png,several different types of boxes,0.8866842985153198
216,3_1530553231692156928.png,a plane flying in the sky,0.10044386237859726
217,3_1450839381141508097.png,a bird in a tree,0.5086794495582581
218,3_1525830870384377856.png,pandas on a white background,0.9236149191856384
219,3_1497964795953299459.png,a boy in a plane with a stamp on it,0.996489942073822
220,3_1474379582862249987.png,a pot of food cooking on a stove,0.9097321033477783
221,3_1549377766650511363.png,a baseball stadium,0.4082026779651642
222,3_1417885847215616003.png,a can of tuna steak,0.9997972846031189
223,3_1537816107205140483.png,a group of people working in an office,0.8834726214408875
224,3_1479131370911842304.png,a piece of chocolate on a piece of paper,0.6364908218383789
225,3_1544773389897826311.png,several birds on a branch,0.7489480972290039
226,3_1295413583795429378.png,a patio with a table and chairs,0.7456190586090088
227,3_1517560971606196226.png,a forest with a white circle over it,0.9997288584709167
228,3_1417970029979635713.png,a monument in the middle of a city,0.5494568943977356
229,3_1442265745757335556.png,a book cover with a drawing of a woman's face,0.9969837069511414
230,3_1438549514001031173.png,a man in a wheelchair,0.7439837455749512
231,3_1479492626718076929.png,a piece of paper with a yellow piece of paper on it,0.9831646084785461
232,3_1356680086884335616.png,a sun on a blue background,0.9996335506439209
233,3_1526865493625282562.png,a circle with many colors,0.9944868683815002
234,3_1525508741050793985.png,a satellite satellite flying in the sky,0.9080581665039062
235,3_1557401330259484674.png,a nebula in the sky,0.9856820702552795
236,3_1449038557755105285.png,a man with a backpack kneeling in the desert,0.9983983635902405
237,3_1128301182198394880.png,a butterfly in a garden,0.705585241317749
238,3_1538597502911381506.png,two people in a field,0.004325345158576965
239,3_1537797312604426245.png,"a red, white and blue poster",0.9963435530662537
240,3_1421142725353635846.png,a large room filled with people,0.7640565037727356
241,3_1549812388043657218.png,a rock on the surface of mars,0.36598971486091614
242,3_1289268479259021313.png,a field full of flowers,0.9061039686203003
243,3_1458087118752862218.png,an old manuscript with a quote on it,0.9816914200782776
244,3_1354143366703939586.png,a sun on a blue background,0.9996335506439209
245,3_1527413700910534666.png,an advertisement for the french air force,0.9994307160377502
246,3_1531698295919222786.png,a document with a handwritten message,0.9875923991203308
247,3_1293219438423085057.png,a woman in a blue shirt and purple gloves,0.9997676014900208
248,3_1379841800425377793.png,a metal door handle,0.8616249561309814
249,3_1325890200111878144.png,a group of people sitting on a couch,0.01878933794796467
250,3_1468632383750615053.png,a man working on a piece of wood,0.6697752475738525
251,3_1454096897745031173.png,a person cutting a plant,0.789743959903717
252,3_1439711400536985603.png,a woman sitting at a table,0.39136946201324463
253,3_1389655087069470728.png,a pink background with black and white illustrations,0.9991975426673889
254,3_1523460744502784003.png,a plane in a museum,0.8869343996047974
255,3_1453813963687448584.png,a red house in the woods,0.9865599870681763
256,3_1409573577750454272.png,a group of children playing in a field,0.22957743704319
257,3_1352267265689968642.png,flowers in a book,0.9933785200119019
258,3_1514954921375768579.png,a room filled with statues,0.9928511381149292
259,3_1470604560016285702.png,a green mailbox,0.9745555520057678
260,3_1493726391572959235.png,a group of people sitting around a table,0.19626478850841522
261,3_1364213734252580868.png,a building with a clock tower,0.08170347660779953
262,3_1493961663548215302.png,a kitchen with the words art talk with music for elephants,0.9997825026512146
263,3_1308083014040195073.png,a building that is in the middle of a street,0.6618329286575317
264,3_1253489399515484170.png,a mountain with rocks and trees,0.8112436532974243
265,3_1557102006078160898.png,an advertisement for a radio,0.9862241744995117
266,3_1508429063433736196.png,an african woman with the words we speak,0.9997022747993469
267,3_1159822813605351430.png,a heart shaped sculpture in a park,0.982646107673645
268,3_1521129836449869824.png,strawberries on a plant,0.9909055233001709
269,3_1500898751656955909.png,a handwritten note,0.9416372179985046
270,3_1359964709680787462.png,a palm tree with the text updates to bibliography pages,0.9999773502349854
271,3_1414585300492423171.png,a ball with the word pain written on it,0.958935022354126
272,3_1378036117602246656.png,a woman in a red coat,0.09300172328948975
273,3_1542846208020029440.png,a group of people,0.17443431913852692
274,3_1546839299458465792.png,a man sitting in a plane,0.7036332488059998
275,3_1498682748470534149.png,an old book with gold lettering,0.9973164200782776
276,3_1336658145851150337.png,a man with no shirt,0.27560731768608093
277,3_1534597247576420352.png,a bird sitting on top of a rock,0.014189024455845356
278,3_1433781843128733706.png,a woman standing in a kitchen,0.7078292965888977
279,3_1554549953254621193.png,a woman standing next to a sign,0.9824727773666382
280,3_1252631985803137025.png,the ocean with rocks and water,0.6837545037269592
281,3_1538152059286978560.png,a display in a museum,0.9393821358680725
282,3_1364290226466811905.png,a sun on a blue background,0.9996335506439209
283,3_1531349843276349441.png,a man sitting with a dog,0.6956384181976318
284,3_1522290066139217921.png,a woman in a white shirt,0.7399542331695557
285,3_1470898913351720964.png,a wallpaper with birds and flowers,0.99934321641922
286,3_1311331536671838216.png,a man in a suit holding a gun,0.32746070623397827
287,3_1538353405739077633.png,a baseball game with the words baseball mom,0.6817699670791626
288,3_1384518920871112707.png,a gorilla in the jungle,0.9806953072547913
289,3_1455957103248556035.png,a man sitting at a table,0.40619194507598877
290,3_1422203153555001345.png,people walking in front of a building with the words hurricaness are you prepared?,0.9999719858169556
291,3_1476611166017396741.png,a man and a woman,0.32891878485679626
292,3_1479472112318431237.png,a woman in a garden,0.8558196425437927
293,3_1504616074335203330.png,a woman with long hair,0.35172298550605774
294,3_1527282117465497601.png,a woman in a dentist's office,0.9416606426239014
295,3_1450446979071414284.png,a woman smiling with the text from global change to local action,0.9999723434448242
296,3_1538860564792987648.png,an ant ant ant ant ant ant ant ant ant ant ant ant ant ant ant,0.20607037842273712
297,3_1454142120026062856.png,a green nebula,0.9994012117385864
298,3_1549371886194331648.png,a baseball player with a bat,0.11076829582452774
299,3_1497572228619284484.png,a group of people holding signs,0.9685440063476562
300,3_1395833254045884418.png,a bride and groom laying on the ground,0.9955446124076843
301,3_1501922429148418049.png,a group of people standing in front of a building,0.13447830080986023
302,3_1457694529298083842.png,a christmas tree with lights,0.30068379640579224
303,3_1513581351005532169.png,two boxes on a table,0.9660865664482117
304,3_1530923417108680704.png,a man with a butterfly on his head,0.8874361515045166
305,3_1502027124554698770.png,a woman in a dress,0.7722169756889343
306,3_1530988094475878406.png,a small plane in a hangar,0.9274902939796448
307,3_1439319694620733442.png,a baby mouse,0.7197108268737793
308,3_1435270647165378561.png,a poster with the words'the new centre of london underground ',0.9999237060546875
309,3_1321180353160237059.png,a sun on a blue background,0.9996335506439209
310,3_1384189003163836416.png,a wallpaper with a space theme,0.990662157535553
311,3_1542256459890704387.png,a man singing into a microphone,0.695151686668396
312,3_1498761570746343428.png,a col of people,0.8894970417022705
313,3_1553520172933292032.png,a postcard with a picture of a woman,0.32429686188697815
314,3_1462106480333582338.png,a building with a tree on top,0.8378740549087524
315,3_1393566950110998530.png,an old building on the water,0.7188950181007385
316,3_1557443265653137408.png,a man in a blue coat,0.8715928792953491
317,3_1558106302165012481.png,a woman in a black dress,0.03956195339560509
318,3_1400437486313250816.png,two butterflies on a branch,0.8784798979759216
319,3_1418933551723163648.png,a sunflower in a garden,0.9456008672714233
320,3_1552748125558906881.png,a woman holding a baby,0.00029140172409825027
321,3_1554459577835470855.png,a set of different items,0.3842053711414337
322,3_1504800098206769163.png,some purple flowers on a white background,0.9889029860496521
323,3_1420784832163024897.png,a bunch of sticky notes on a door,0.998267412185669
324,3_1391757575343980548.png,a man in a suit and tie,0.004602077882736921
325,3_1258042843307757568.png,a woman in the cockpit of a plane,0.9945592284202576
326,3_1529957805976870935.png,three men standing in front of a rocket,0.9996786117553711
327,3_1298326161970388992.png,a phone with the words celebrate women's history on it,0.9999470710754395
328,3_1395820254182342656.png,a group of people sitting around a table,0.5403926372528076
329,3_1522950129757601794.png,a rocket taking off into the sky,0.9648023247718811
330,3_1438605959656509445.png,the inside of a building,0.4986310303211212
331,3_1468581272394031105.png,a pair of sun ornaments,0.99978107213974
332,3_1382787072856109057.png,a woman with long hair,0.0432574488222599
333,3_1552709483243134984.png,a man on a boat in the water,0.4853157699108124
334,3_1497311965936553987.png,a piece of paper with flowers on it,0.1784016340970993
335,3_1526641799653097472.png,a screen with a bunch of pictures on it,0.9641594886779785
336,3_1533480014791974914.png,the constellations in the night sky,0.9357730150222778
337,3_1316726095337730050.png,a woman in a dress and hat,0.8561765551567078
338,3_1460678009317257218.png,a man in a suit and tie,0.02109300158917904
339,3_1492152799701962759.png,a group of people in orange suits,0.9967907071113586
340,3_1445031306681798669.png,a room filled with shelves,0.9864820241928101
341,3_1248639174892236800.png,a person riding a horse,0.15327991545200348
342,3_1425186634128142336.png,a stamp on a piece of paper,0.9877815246582031
343,3_1177575728646197248.png,a woman on a screen,0.9795000553131104
344,3_1556248919478345728.png,a woman wearing a hat,0.8038464784622192
345,3_1529195689976156168.png,a group of people standing in front of a building,0.8263013362884521
346,3_1489717774410649602.png,a young boy working on a piece of paper,0.995498538017273
347,3_1513965320519647234.png,a man looking through a microscope,0.9604600071907043
348,3_1483474214644453380.png,a man standing in a room filled with food,0.910772979259491
349,3_1526664431089893377.png,a man playing a guitar,0.024640405550599098
350,3_1538322169888968704.png,a woman holding a helmet,0.9939234852790833
351,3_1511069433808179203.png,a group of people standing in front of a building,0.8129625916481018
352,3_1525872389145468930.png,a rocket taking off from the launch pad,0.9778513312339783
353,3_1399789131153149956.png,a sun on a blue background,0.9996335506439209
354,3_1452587078965989376.png,a group of people working in a garden,0.929750382900238
355,3_1443322369959944196.png,a spiral galaxy,0.9927922487258911
356,3_1517180319018864646.png,a scarf with purple flowers on it,0.9965207576751709
357,3_1301164388896985088.png,a woman sitting in a chair,0.8933751583099365
358,3_1491471521122078724.png,a statue of a woman,0.7441596388816833
359,3_1354792706585800705.png,flowers in a vase on a table,0.00017645115440245718
360,3_1518983685382488071.png,a pink card with the words analyzing biodiversity literature sale,0.9999815225601196
361,3_1257331909983637506.png,an abstract painting,0.9311454892158508
362,3_1521605093505830914.png,a man in military uniform,0.9814847707748413
363,3_1550497408232132608.png,a group of people sitting in chairs,0.6783266067504883
364,3_1509514306764873735.png,a woman sitting at a table,0.4986204504966736
365,3_1553022553953775617.png,a baby tiger being fed by a woman,0.9957428574562073
366,3_1527636139384905729.png,a group of men standing in front of a building,0.1323457807302475
367,3_1449785043447078913.png,a man sitting on the floor,0.9761011004447937
368,3_1415342862955339782.png,an old document with writing on it,0.9902472496032715
369,3_1362417982719205380.png,two people flying in the desert,0.9946373105049133
370,3_1423657553033105411.png,a pair of brown shoes,0.6770079135894775
371,3_1305844034305503233.png,two apples on a branch,0.9896916747093201
372,3_1436668430598410240.png,a coin,0.7226401567459106
373,3_1391793824700067840.png,a man standing next to a plane,0.9526975750923157
374,3_1537109018736480258.png,a fireworks with the words smithsonian folk festival,0.9999576807022095
375,3_1514625113777393667.png,a man holding a baby panda,0.9974918365478516
376,3_1397901188671184902.png,a british flag,0.9970033764839172
377,3_1420533284212203521.png,a stone statue with the words smithsonian associates streaming,0.9999749660491943
378,3_1274348857808297984.png,a painting with a sun in the background,0.9969605803489685
379,3_1312740516560338945.png,a crowd in a large room,0.9381111860275269
380,3_1522983612219641857.png,two people cooking in a kitchen,0.8652945756912231
381,3_1417833000612552709.png,a wall covered in graffiti,0.6944812536239624
382,3_1512490586766548995.png,an old book with writing on it,0.9537106156349182
383,3_1485647207382626308.png,a leaf in a jar,0.9993250370025635
384,3_1541819782529417216.png,two people sitting on a bench,0.09421757608652115
385,3_1276518148255158273.png,a woman in a fur coat,0.13581149280071259
386,3_1517532081798144001.png,some white objects on a table,0.9581660032272339
387,3_1543656084052869121.png,a tree made out of wine bottles,0.993730902671814
388,3_1461695268622155779.png,a building with a sign that says future,0.9984217882156372
389,3_1501895049285619712.png,an old book on a black background,0.9992050528526306
390,3_1498353025013927937.png,a baseball player holding a bat,0.2805755138397217
391,3_1516791490911027207.png,a red panda in the snow,0.9940316081047058
392,3_1557772378335232001.png,a woman sitting in front of a book shelf,0.9815242886543274
393,3_1418263332126171140.png,two men in a lab,0.08807884156703949
394,3_1548035052918820864.png,a man sitting in a chair,0.06502079218626022
395,3_1445489375639310354.png,a group of people in a room,0.5139434933662415
396,3_1329472557540634624.png,a woman standing in a kitchen,0.7985895872116089
397,3_1486437035812528128.png,a man sitting in a chair,0.4795483648777008
398,3_1541815568898162694.png,a woman in a dress,0.08701854944229126
399,3_1423646318426267661.png,a building with a rainbow in the background,0.980904757976532
400,3_1520071101623242753.png,people hiking on a mountain,0.5930836200714111
401,3_1495745482144026628.png,a group of people walking down a street,0.1620495468378067
402,3_1541829145189138443.png,a bunch of lavender flowers,0.9913434982299805
403,3_1359216803378057218.png,a sun on a blue background,0.9996335506439209
404,3_1283078621385678849.png,a chair and ottoman,0.9643458127975464
405,3_1376515784994865157.png,a woman in a yellow dress,0.9524046778678894
406,3_1486124354589143040.png,a woman with glasses on a postage stamp,0.9996579885482788
407,3_1487062986141405185.png,an old pocket watch,0.9459660053253174
408,3_1252694079319822339.png,a plate of fruit and vegetables,0.06657914817333221
409,3_1489614933759246340.png,a postcard with a picture of a man on it,0.8996914625167847
410,3_1438458905026236418.png,a woman,0.42314159870147705
411,3_1334151664559935490.png,an american flag with the words save gas,0.999879002571106
412,3_1371804742779813889.png,a painting of people in a room,0.9464548230171204
413,3_1501208579772141568.png,a group of women walking down a street,0.9621652364730835
414,3_1454181246553235456.png,a person sitting on a rock by the water,0.9873472452163696
415,3_1468317294686257160.png,a purple and white orchid,0.999089241027832
416,3_1421155402255847424.png,a young girl smiling for the camera,0.9245938658714294
417,3_1526553688894066689.png,a boat with the words presente,0.9999316930770874
418,3_1152271113831010307.png,a sculpture in the grass,0.9290218949317932
419,3_1273266748893134848.png,a person swimming in the ocean,0.9689899682998657
420,3_1355278392250097665.png,a person holding a piece of paper,0.07274602353572845
421,3_1347510252032425985.png,a book on a computer screen,0.8610255122184753
422,3_1519287889418403840.png,many people holding up signs,0.9334675669670105
423,3_1557018038058172416.png,the region of ngc and ngc in the constellation,0.9938253164291382
424,3_1322223019624902656.png,a hand that is laying on the ground,0.9659788608551025
425,3_1522361767464247299.png,a helmet with a phone in it,0.9856072664260864
426,3_1509262781782142983.png,a black clergy robe,0.9987939596176147
427,3_1458177884212846594.png,a circle with many colors,0.9944868683815002
428,3_1554497766679797763.png,the milky,0.9936396479606628
429,3_1352679441600819200.png,a baseball player holding a bat,0.3145381212234497
430,3_1510588001751023621.png,a woman singing into a microphone,0.9185041189193726
431,3_1483848642834296836.png,a man on a horse,0.4717298448085785
432,3_1553827507564150785.png,a woman's red dress,0.9598392248153687
433,3_1463190838805245958.png,a vase of flowers on a table,0.4994105100631714
434,3_1322217757556047879.png,a painting of a man in a red shirt,0.04885334521532059
435,3_1514633097714843655.png,two birds on the ground,0.9571259617805481
436,3_1497753476440502277.png,a boy in a plane with a stamp on it,0.996489942073822
437,3_1367159254545813510.png,a group of people in the jungle,0.9787836074829102
438,3_1314178098154418176.png,two men and a woman with the text in the fore,0.5551660060882568
439,3_1526574510501244930.png,a spiral galaxy,0.9911439418792725
440,3_1530219476418969600.png,a group of airplanes parked on a runway,0.7178590297698975
441,3_1528088348358737922.png,a man working on a piece of paper,0.9325958490371704
442,3_1526276387799289856.png,the planet,0.9531571269035339
443,3_1505930110607757313.png,an elephant in the dark,0.2196108102798462
444,3_1474063081609183234.png,a man riding a horse,0.2966342270374298
445,3_1511358364743315458.png,a gorilla laying on its back,0.9948707818984985
446,3_1555219291137605632.png,a helicopter in a hangar,0.9972999691963196
447,3_1505695843248189440.png,a stamp with a bunch of flowers,0.9979348182678223
448,3_1523286734640984066.png,flowers on a white background,0.8878981471061707
449,3_1417870815979257859.png,a pink rose in front of a building,0.9979068040847778
450,3_1488927706922336259.png,two men sitting at a table,0.7098604440689087
451,3_1516023811258339336.png,a man taking a picture of a woman,0.7495589256286621
452,3_1414680245240729605.png,a book cover with a drawing of a man in a suit and tie,0.04651838541030884
453,3_1519672964693725185.png,a bird sitting on a branch,0.7977654337882996
454,3_1326986342128103442.png,a man in a white shirt and tie,0.6626810431480408
455,3_1447574200068329475.png,a group of people standing in front of a building,0.25307461619377136
456,3_1253417803903668226.png,an old photo of a mountain,0.9967002272605896
457,3_1555987070325252096.png,a man on the moon,0.9660929441452026
458,3_1513487202860285959.png,a group of people in a room,0.08821479976177216
459,3_1436385204302667777.png,a man working in the woods,0.9932858347892761
460,3_1554186958523482116.png,a person flying a plane,0.10674409568309784
461,3_1313557399748464648.png,a book with a color wheel,0.9994124174118042
462,3_1395388487927431171.png,a bunch of different colored objects,0.9903668165206909
463,3_1346460248257736705.png,a book with flowers and leaves on it,0.9977174997329712
464,3_1283088204334342145.png,the cover of a book,0.8882356882095337
465,3_1550190164118568960.png,two men playing guitars in a field,0.5767002105712891
466,3_1546853548855414785.png,a man kneeling in a field,0.900698721408844
467,3_1369715181056581636.png,a long table with wine glasses on it,0.9818296432495117
468,3_1399818334481301515.png,a sun on a blue background,0.9996335506439209
469,3_1242878527311142912.png,a bed and a cabinet,0.9973486661911011
470,3_1524455099799588867.png,a man holding a tray full of plants,0.9995311498641968
471,3_1555327266623787012.png,a man standing next to an airplane,0.9439446926116943
472,3_1368931017147506688.png,a woman in a dress,0.31639406085014343
473,3_1470495820759896064.png,"a purple background with the words, what untory from history would you like to",0.9999803304672241
474,3_1553380096303562752.png,a book with a red and green cover,0.9990216493606567
475,3_1435794563998928900.png,a book and a book cover,0.9915052056312561
476,3_1538989568111824897.png,a space shuttle taking off into the sky,0.9626624584197998
477,3_1478358674850471937.png,a snow covered forest,0.9813459515571594
478,3_1554829748282347522.png,a woman in a dress,0.6730843782424927
479,3_1517488809256050693.png,a building,0.463177889585495
480,3_1533073312557027329.png,a bunch of flowers on a table,0.6646283268928528
481,3_1365436218645733377.png,a pair of shoes in the grass,0.9856626391410828
482,3_1543959569684172800.png,a crowd of people,0.1891392469406128
483,3_1356279962727288833.png,a snow covered road,0.8082219362258911
484,3_1430977367124623369.png,a group of people in a room,0.019086461514234543
485,3_1551922849002258435.png,a woman in a green dress with a white circle,0.998134434223175
486,3_1246162965042212865.png,a green and gold vase,0.995718777179718
487,3_1425057495215591427.png,a man's head on a computer screen,0.9925985336303711
488,3_1392812169440415751.png,a circle with many colors,0.9944868683815002
489,3_1527790274574950400.png,a painting on a wall,0.5151470303535461
490,3_1326253295917281283.png,a man in a suit and tie,0.4772232174873352
491,3_1242469257251885057.png,blue flowers on a green background,0.9985705614089966
492,3_1535592753551351811.png,a woman singing on stage,0.9127984642982483
493,3_1284462131581247488.png,a group of people sitting on the sidewalk,0.820719838142395
494,3_1361788447623643139.png,a stone wall with carvings on it,0.9855808615684509
495,3_1293581010391699461.png,a group of women standing in front of a church,0.9850032925605774
496,3_1482355647945617412.png,a hat on a white surface,0.9911991953849792
497,3_1517852184909692930.png,a book with the title environmental justice how can we care???,0.9999622106552124
498,3_1518540206701490176.png,some purple flowers in front of a brick wall,0.9988502264022827
499,3_1315360773045182465.png,a man and woman in the snow,0.28516048192977905
500,3_1535327771777540098.png,a book on a table,0.9102535247802734
501,3_1464232722277318664.png,a woman singing into a microphone,0.7233933210372925
502,3_1495759969597235212.png,a table number holder,0.9535783529281616
503,3_1415002538412236801.png,a woman wearing a lab coat,0.9742927551269531
504,3_1506712885728272392.png,the washington monument and cherry blossoms,0.9990746974945068
505,3_1385232378260504584.png,a dinosaur with a skeleton on it's back,0.979418158531189
506,3_1449038998740025345.png,a man in the desert,0.8677399754524231
507,3_1499778160887574531.png,a green beetle on a white background,0.9996463060379028
508,3_1478083221506215944.png,a building with a sign that says museum temporarily closed,0.9999254941940308
509,3_1445026692511191041.png,a sun on a blue background,0.9996335506439209
510,3_1437407412919615489.png,a man holding a baby,0.9118630290031433
511,3_1539948319497142276.png,a woman on a bicycle,0.006818908266723156
512,3_1483982804048306176.png,a man with a mustache and a stamp,0.8121677041053772
513,3_1514633083567419404.png,a forest with trees in the background,0.5918158292770386
514,3_1430976523796979726.png,a group of people in a room,0.054314952343702316
515,3_1492595365597663232.png,a blue and white pattern,0.986297607421875
516,3_1552711020061261825.png,a river surrounded by trees,0.9079099893569946
517,3_1508486073730711555.png,an old woman sitting at a table,0.7095112204551697
518,3_1480536746119081986.png,plants in a greenhouse,0.9934675097465515
519,3_1517926395812499457.png,a pink card with the words analyzing biodiversity literature sale,0.9999815225601196
520,3_1486347777764466689.png,a galaxy with many stars,0.992141842842102
521,3_1514645357795287046.png,two panda bears sitting on a log,0.9912918210029602
522,3_1423345483825618946.png,a spiral galaxy,0.740057647228241
523,3_1455191663173935116.png,a person dressed as a skeleton,0.9883497953414917
524,3_1557004018391687170.png,a bee and a bee on a green background,0.971218466758728
525,3_1371552117266190341.png,a man standing in front of a sun,0.9997324347496033
526,3_1542181398529708032.png,a spiral galaxy,0.9955369234085083
527,3_1470499018237267969.png,a sun on a blue background,0.9996335506439209
528,3_1537792762296209408.png,a baby duck in the grass,0.9901021718978882
529,3_1469347438708330502.png,a fossil,0.9966974258422852
530,3_1498295995616083976.png,an open book with a black background,0.9940688610076904
531,3_1520070673187627009.png,a woman in a pink jacket,0.9623980522155762
532,3_1535726182943039489.png,a red car with the words approachability on it,0.9998502731323242
533,3_1551001756565475329.png,a girl playing a guitar,0.24696333706378937
534,3_1315638753008979971.png,a white paper with a black and orange text on it,0.9948976635932922
535,3_1532753667740340224.png,a house in the woods,0.9036198258399963
536,3_1329434754207408129.png,a woman sitting in a chair,0.8696574568748474
537,3_1474379624390053894.png,a group of people in front of a building,0.37380537390708923
538,3_1427289423067111428.png,a book with the words happiness and happiness,0.9986529350280762
539,3_1469398517693169665.png,a gift box with a blue ribbon,0.9974561333656311
540,3_1513936498017587200.png,a woman in a garden,0.7167856097221375
541,3_1502291613720059904.png,a man and woman cutting a cake,0.8494364619255066
542,3_1307067267327328256.png,the art of magic,0.9999055862426758
543,3_1457736269564362753.png,the front page of an old book,0.7001663446426392
544,3_1346450212647301121.png,flowers on a white background,0.3246954679489136
545,3_1542510646331187205.png,a man sitting at a desk in front of a bookcase,0.9548633098602295
546,3_1494763985224318982.png,a man riding a horse,0.0043197753839194775
547,3_1348737708517183492.png,the ocean,0.3795047402381897
548,3_1488512695452192770.png,a group of women and children,0.9371121525764465
549,3_1495486648766943234.png,a group of people in a room,0.4186405539512634
550,3_1544775511930454017.png,a pencil and a pencil on a piece of paper,0.8940103054046631
551,3_1517536096191582208.png,the earth in a room,0.9978639483451843
552,3_1483945432480985088.png,two girls looking at a city,0.9990395903587341
553,3_1371470598971473921.png,a group of women in front of a building,0.9523400068283081
554,3_1406294613833392128.png,a man looking in a mirror,0.5606286525726318
555,3_1508791458698043397.png,a bird perched on a tree branch,0.1407928466796875
556,3_1448408708556464128.png,a castle on top of a hill,0.5836588144302368
557,3_1551291126631604224.png,a helicopter flying over a body of water,0.8460996747016907
558,3_1517526937039556608.png,a monkey sitting on a rock,0.9026229977607727
559,3_1395474420890849285.png,a group of people standing together,0.49495139718055725
560,3_1499054101593788416.png,a woman and a man with the words hidden history,0.9999693632125854
561,3_1430977010885668864.png,a purple and blue background with the words our shared future,0.9999642372131348
562,3_1547221883099029505.png,a black bear in a bowl of water,0.945100724697113
563,3_1515660824492265473.png,a tree in the middle of a garden,0.9815466403961182
564,3_1415400551521550338.png,a blue and purple galaxy,0.999046266078949
565,3_1456719470685310988.png,a woman standing in front of a temple,0.997944176197052
566,3_1471913554659799040.png,the front cover of the book creating with cutting from your closet,0.9999662637710571
567,3_1369022559069605899.png,a white background with a blue border,0.9373372793197632
568,3_1550104197827272706.png,a certificate for a certificate,0.9939308166503906
569,3_1252966136121040896.png,flowers hanging on the wall,0.9689982533454895
570,3_1491431702153117711.png,a yellow and white rug,0.5271020531654358
571,3_1488957906632458245.png,a group of people standing in front of a truck,0.8597919940948486
572,3_1476916528230670350.png,a man with glasses and a hat,0.9569058418273926
573,3_1445752929739100166.png,a wall with a bunch of clothes hanging on it,0.9725292921066284
574,3_1516386379768467464.png,a butterfly in a field of flowers,0.9906003475189209
575,3_1540700466870243328.png,a group of white candles on a table,0.9530035853385925
576,3_1445400920033013761.png,a man in a suit sitting on a bench,0.588733434677124
577,3_1352267265673195520.png,a bunch of flowers,0.2777320444583893
578,3_1551567773612052480.png,a bunch of spoons and spoons,0.807910680770874
579,3_1385269802072252422.png,a bird sitting on a leaf,0.822884738445282
580,3_1545921230921932800.png,a child's book with the title'make something beautiful ',0.9999692440032959
581,3_1423637504260026369.png,a man laying on the ground,0.009479845874011517
582,3_1306329537618358274.png,a man holding a gun,0.49379709362983704
583,3_1499397642240991234.png,a group of people in different colors,0.9625486731529236
584,3_1431277206857207810.png,a sign in a field,0.9635700583457947
585,3_1534993447446364176.png,a woman with the words presente,0.9995961785316467
586,3_1536392323285803008.png,the national education summit,0.9999326467514038
587,3_1548317803886755842.png,a group of people playing with hus,0.9744980931282043
588,3_1514257259387183106.png,a panda bear playing with a banana,0.9981764554977417
589,3_1235669741806612480.png,a group of mice and mice,0.8892423510551453
590,3_1388186507459141640.png,a captain's shield,0.9972387552261353
591,3_1492186107504697346.png,a person climbing up a mountain,0.8938074111938477
592,3_1504479889092608005.png,a man sitting at a desk,0.8433563113212585
593,3_1534521792345382912.png,a woman in a black and white advertisement,0.962509036064148
594,3_1382736569191190528.png,a woman in a red dress and hat,0.9986099004745483
595,3_1405226165342674950.png,a glass perfume bottle,0.9838632345199585
596,3_1314290747420540928.png,a woman wearing a long coat,0.24717380106449127
597,3_1493193550485409801.png,a garden with lots of plants,0.5947132110595703
598,3_1496198595485310979.png,two rhinos,0.930325984954834
599,3_1516143002879672333.png,a waterfall,0.844441294670105
600,3_1475995076006449157.png,a hot pool with steam rising,0.9736366271972656
601,3_1407305158250352646.png,a tiled wall with flowers on it,0.7368847131729126
602,3_1351918616191639557.png,an american flag with a man on it,0.9834994673728943
603,3_1356302220111785986.png,a flower with a quote on it,0.10723932087421417
604,3_1316397356418465793.png,a buddha statue on a table,0.5399587750434875
605,3_1514991440317022210.png,a panda eating bamboo leaves,0.9687281250953674
606,3_1435550996650885123.png,a group of figuris on a table,0.8443974852561951
607,3_1440284971403399172.png,a greenhouse in a field,0.9993927478790283
608,3_1489597033321095174.png,a nebula,0.9856336712837219
609,3_1322209919857315840.png,a mouse and a mouse,0.9539149403572083
610,3_1463535513537818628.png,a banner with the words don'tm'and don'tm ',0.9907566905021667
611,3_1357360828157227008.png,a man sitting in front of a sculpture of an elephant,0.9493792653083801
612,3_1506367621142360066.png,an open book with drawings on it,0.9961406588554382
613,3_1397901142970056707.png,an old book with a man on it,0.9889284372329712
614,3_1416475298464415750.png,a man wearing headphones,0.9424416422843933
615,3_1458827471672033280.png,an american flag on a postage stamp,0.9996660947799683
616,3_1551241072889716736.png,a man in a boat in the water,0.026981733739376068
617,3_1551999492664147968.png,a smiling woman with a blue background,0.9959744811058044
618,3_1506269866973667336.png,"a blue background with a quote that reads well, it's not the plan",0.999967098236084
619,3_1471864549129269253.png,a computer and a laptop with the words online office hours,0.9999102354049683
620,3_1499142541094096901.png,a woman sitting at a desk,0.5792663097381592
621,3_1506979274137481225.png,a man sitting in front of a computer,0.003110642312094569
622,3_1422626660197797892.png,a group of people on a video call,0.9916152358055115
623,3_1518638969700818944.png,a group of people playing instruments,0.9067137241363525
624,3_1308381181403115522.png,a lemon plant with leaves and flowers,0.9797633290290833
625,3_1510965867458310149.png,an african woman with the words we speak,0.9997022747993469
626,3_1542931632117764098.png,two women looking at a cell,0.6702839732170105
627,3_1344303573606215681.png,a museum,0.9381276369094849
628,3_1511312943530524681.png,some flowers in the woods,0.9600371718406677
629,3_1546914899934298113.png,a helicopter in a hangar,0.9932761192321777
630,3_1359624107235700742.png,some food items on a table,0.060881901532411575
631,3_1351168808522719232.png,martin martin martin martin martin martin martin martin martin martin martin martin martin martin martin martin,0.500739336013794
632,3_1468947568650452995.png,a man sitting at a desk,0.7817034125328064
633,3_1308770196803518469.png,a bird sitting on top of a book,0.8144468665122986
634,3_1489371342227054594.png,a woman in a black and white photo,0.7663498520851135
635,3_1429565300501057538.png,a woman wearing a face mask,0.9752467274665833
636,3_1465706894945710083.png,a group of children looking at a painting,0.9890973567962646
637,3_1309615551577092096.png,a broken heart,0.8602506518363953
638,3_1488210652002926595.png,a plate with a map on it,0.9729861617088318
639,3_1537791673475862529.png,a duck in the grass,0.9803875684738159
640,3_1540273935274704896.png,a man standing in front of a sun,0.9997324347496033
641,3_1305844034271936514.png,two apples on a branch,0.9825310111045837
642,3_1475854558173802496.png,trees in a forest,0.4505399167537689
643,3_1554450877838229504.png,a man with a broken face,0.9221621155738831
644,3_1544326113953923072.png,a bunch of envelopes,0.9539487957954407
645,3_1440013209709289484.png,a man holding a gun,0.011733409017324448
646,3_1358778945106247681.png,"a red, green and black painting",0.9996775388717651
647,3_1547610202307829760.png,a statue of a bear,0.19497713446617126
648,3_1527363083303170048.png,a woman holding a box of books,0.741492748260498
649,3_1539270004679446528.png,a piece of paper and a pair of glasses,0.9921475052833557
650,3_1403331190560595969.png,a pink flower in someone's hand,0.9978813529014587
651,3_1362455453595222016.png,a mars rover rover rover rover rover rover rover rover rover rover rover rover rover rover,0.9855502843856812
652,3_1138161291736911872.png,a group of people in an art gallery,0.9142140746116638
653,3_1537175752352972800.png,the smithsonian folk festival logo,0.9999208450317383
654,3_1365341397151326208.png,a woman in black and white,0.10241873562335968
655,3_1552709523118473220.png,a flower on a tree,0.955232560634613
656,3_1535625407705251846.png,a ship with people on it,0.9544674158096313
657,3_1525933287943839745.png,a woman in an airplane,0.9595030546188354
658,3_1532056921389383687.png,a bird on a piece of paper,0.0010930497664958239
659,3_1450887918214602770.png,a group of people standing in front of the washington monument,0.9976480603218079
660,3_1483090505579712514.png,the cover of a book with a drawing of a man's face,0.9927350282669067
661,3_1315823163792650240.png,a pair of blue toothbrushs,0.9962577819824219
662,3_1433082197431422976.png,a spiral galaxy in the sky,0.9925925135612488
663,3_1514252325401022470.png,a skull on a yellow background,0.11697593331336975
664,3_1535315604235755520.png,a diamond ring,0.9213106632232666
665,3_1309260356821360641.png,a group of people with the words 2020,0.9995319843292236
666,3_1537121523512877056.png,a man standing in front of a building,0.0959722250699997
667,3_1364985572452892681.png,a man playing a saxophone,0.9913032054901123
668,3_1260578806189916162.png,a pile of green tea,0.9879015684127808
669,3_1362798510647750656.png,a handwritten letter,0.9829487204551697
670,3_1544028271825899520.png,the space shuttle taking off from kennedy island,0.9901577830314636
671,3_1468317294686351372.png,a white flower on a black background,0.9962118864059448
672,3_1526200570649903107.png,two women smiling and one smiling,0.009299106895923615
673,3_1363852622961246212.png,an open book with a speech bubble,0.9995854496955872
674,3_1493963600251301909.png,a man digging dirt in the ground,0.9703788757324219
675,3_1350883028453744643.png,a group of people sitting around a table,0.1297275573015213
676,3_1204077974779121670.png,a living room with a glass table,0.8704400062561035
677,3_1525929512206221314.png,a wooden stool,0.9536811709403992
678,3_1499438431096778754.png,a yellow notebook with the words meo book on it,0.9999716281890869
679,3_1526646381221486594.png,a man in a space suit holding a helmet,0.9948711395263672
680,3_1483082421402836993.png,an old letter with a handwritten message,0.8880228996276855
681,3_1331327411091361792.png,a pair of scissors and a pair of buttons,0.7033333778381348
682,3_1338522976627658752.png,a piece of paper with writing on it,0.9535688161849976
683,3_1549138442239594496.png,three astronauts standing next to each other astronauts,0.9994698166847229
684,3_1476573753249312770.png,a group of people in a library,0.510833740234375
685,3_1419733528896491530.png,a white t - shirt with a poem on it,0.9953687191009521
686,3_1466068798176469003.png,an object in the sky,0.79937744140625
687,3_1342462730385707010.png,a red heart on a white background,0.4976107180118561
688,3_1428009464322478087.png,a plate of food on a table,0.08096324652433395
689,3_1553017952949215232.png,a group of butterflies,0.9910235404968262
690,3_1484941443609333765.png,a man sitting on a stool,0.9660593271255493
691,3_1379419094768816128.png,a woman sitting in front of a wall with a quote on it,0.8935038447380066
692,3_1500949452999348230.png,a woman holding a baseball bat,0.5454079508781433
693,3_1526564154361905154.png,a man standing in front of an airplane,0.9599945545196533
694,3_1451560259689107457.png,a woman with a hat on her head,0.6872388124465942
695,3_1554925265809195015.png,a bee on a flower,0.8861669898033142
696,3_1448761030188978184.png,a little girl doing yoga,0.9841893315315247
697,3_1454078107497992200.png,a tray of chocolate covered dons,0.515932023525238
698,3_1549411910692605952.png,a drawing of a crab,0.45035070180892944
699,3_1549397464389746688.png,horses grazing in a field,0.5762774348258972
700,3_1524743713569845249.png,a baby lizard being fed,0.9925000071525574
701,3_1512085348741836800.png,a baseball jersey on display,0.9948205947875977
702,3_1488527740907266059.png,two women in a kitchen,0.3764631450176239
703,3_1323367013910282240.png,a bookmark with a picture of two children,0.9981318116188049
704,3_1459189760623366151.png,a red flower with green leaves,0.9643936157226562
705,3_1493313503360397321.png,a red rose on a white background,0.9709501266479492
706,3_1528738003203637249.png,a family,0.5581725239753723
707,3_1521593726925262848.png,two surfers in the ocean,0.09000301361083984
708,3_1468967597714509829.png,a cow with a quote on it,0.801443338394165
709,3_1396881266578964482.png,a child holding a cake,0.17874422669410706
710,3_1498712479991533570.png,an old book with a bunch of balloons,0.9988813996315002
711,3_1554497522516762624.png,the statue of liberty,0.9849345684051514
712,3_1557528979049009152.png,the moon with the spacecraft in the background,0.9955202341079712
713,3_1431261481107079168.png,a building with a red and white sign,0.3729380965232849
714,3_1326268850942439424.png,a sun on a blue background,0.9996335506439209
715,3_1428446763426488325.png,a woman taking a self self self self self self self self self self self self,0.01212288811802864
716,3_1508515995400421382.png,a woman in a lab holding up a piece of meat,0.9753965139389038
717,3_1472205204124753923.png,a group of people sitting around a table,0.12079571932554245
718,3_1512452939129970691.png,the api api api api api api api api api api api api api api api,0.9653540253639221
719,3_1474088127224446978.png,a pattern on a wall,0.9013236165046692
720,3_1530262587216207872.png,two women holding a bunch of flowers,0.020293042063713074
721,3_1362078869843562498.png,a man standing in front of an american flag,0.9365015625953674
722,3_1495760643772801031.png,a woman playing a piano,0.14618532359600067
723,3_1523996416770813960.png,two women with the words stories of women in stem medicine,0.9997947812080383
724,3_1504080928548827138.png,a woman on a screen,0.7627434730529785
725,3_1223269798693523456.png,a man standing at a podium,0.9569206833839417
726,3_1488643095587659789.png,a group of people working on laptops,0.056032948195934296
727,3_1545753231313231872.png,a flower in front of a building,0.6889801025390625
728,3_1496523982740328455.png,a man holding a flower,0.8286898732185364
729,3_1488279280853389313.png,a man and woman in a room,0.004487881902605295
730,3_1351186374339268612.png,a group of people in a room,0.28597739338874817
731,3_1231990689661059072.png,a woman writing on a table,0.811983585357666
732,3_1475147045723942913.png,the happy kwan kwan kwan kwan kwan kwan kwan kwan kwan kwan kwan kwan kwan kwan,0.9991843104362488
733,3_1472936064700624906.png,a flower on a white surface,0.4301300346851349
734,3_1556684355438841856.png,a one hundred dollar bill,0.9621106386184692
735,3_1336357716961468419.png,a stamp with a painting on it,0.99916672706604
736,3_1353087364202196993.png,a ship that is in the water,0.00792195275425911
737,3_1498300898078035971.png,a man on a television screen,0.025692392140626907
738,3_1363853282230296581.png,a book with the title'nature conservation and william brewer ',0.9999545812606812
739,3_1552708104260829186.png,a coyote and a baby coyote,0.9964067339897156
740,3_1403420657078185992.png,a school of fish in the ocean,0.9557220935821533
741,3_1455990348417695745.png,two people standing in a stream,0.995559573173523
742,3_1517532601279557634.png,some plants in a room,0.9719128608703613
743,3_1340425761317117952.png,the sun shining through the trees,0.8701662421226501
744,3_1475194037724459015.png,a group of people sitting around a table,0.13750694692134857
745,3_1392208185684021252.png,a woman sitting on a bed,0.44556814432144165
746,3_1532724178218000389.png,an empty room with shelves,0.9856464266777039
747,3_1324084658817159179.png,a sunset over the ocean,0.4433653652667999
748,3_1506994420029300739.png,a man sitting at a table,0.36545395851135254
749,3_1374036396449492992.png,a person on a stage,0.7750688791275024
750,3_1491785100320669698.png,a woman holding a certificate,0.9924682974815369
751,3_1331706416160190470.png,an old book,0.8211357593536377
752,3_1500954820710068225.png,a group of people in a field,0.14804142713546753
753,3_1487153863002148870.png,a man in a suit and tie,0.11988048255443573
754,3_1407036731652644864.png,three cats sitting on top of a table,0.4156720042228699
755,3_1489230147756519424.png,a woman standing in front of a mural,0.991100013256073
756,3_1549074903193866240.png,two planes flying in the sky,0.6598032712936401
757,3_1372179700630585345.png,a museum,0.97584468126297
758,3_1468668415833423873.png,a boat in the water,0.613365650177002
759,3_1517212827479642113.png,a sculpture in a museum,0.9856144785881042
760,3_1508791459138482183.png,a bird on a branch,0.5310669541358948
761,3_1446820155523313669.png,a handwritten letter,0.9732685089111328
762,3_1511766061779230721.png,an ant ant ant ant ant ant ant ant ant ant ant ant ant ant ant,0.46702489256858826
763,3_1535291028600659969.png,a man sitting on a chair,0.8395947813987732
764,3_1400565844049006596.png,a cocktail with lime and mint,0.934407651424408
765,3_1497213751770165248.png,a tree with yellow flowers,0.9141936302185059
766,3_1453723549353451526.png,a man standing in front of a sun,0.9997324347496033
767,3_1556248919461531650.png,a man singing into a microphone,0.8424981236457825
768,3_1526565804761808897.png,a man playing a sitar,0.9983308911323547
769,3_1431678393075081219.png,an old newspaper with a picture of a man on it,0.9258266687393188
770,3_1555575119740796928.png,a leaf with a black background,0.5382670760154724
771,3_1298938954658516992.png,a building lit up at night,0.8544462323188782
772,3_1452950815631679498.png,some flowers in front of a building,0.9658513069152832
773,3_1374330657032314880.png,a woman in a costume,0.6028633117675781
774,3_1426211248417427456.png,a light bulb with the words black inventors new perspectives,0.9999707937240601
775,3_1507402507609423880.png,the cover of the book international day of remembrance of the victims and the transatlantic slave,0.9999719858169556
776,3_1541775396995321856.png,a ball of wood sticks,0.9941661357879639
777,3_1468597739428659200.png,an old camera on a white surface,0.9977203011512756
778,3_1466169554774769664.png,four men in black and white,0.9990338087081909
779,3_1403068943942754317.png,a little girl looking at art on a wall,0.9735243320465088
780,3_1295813229474713600.png,a sun on a blue background,0.9996335506439209
781,3_1130496446145413120.png,a band performing on stage,0.9188637733459473
782,3_1553366749189398528.png,a plant with flowers in the background,0.9583258032798767
783,3_1530534429839572992.png,a room with many pictures on the wall,0.5475072264671326
784,3_1295375515948322823.png,a pond with water lils,0.03389575332403183
785,3_1503374731734663173.png,a person holding a small fish,0.4624856114387512
786,3_1253709798538960897.png,a man in a suit and tie,0.0004430581466294825
787,3_1528754686626504705.png,a black hole in the sky,0.9891267418861389
788,3_1541824770290991108.png,a group of people holding umbrellas,0.12594471871852875
789,3_1381972506681208832.png,a woman in a black jacket,0.571558952331543
790,3_1322574082681065472.png,dracula,0.9950886368751526
791,3_1312418754370904065.png,two women sitting on a couch,0.8124966621398926
792,3_1420082491453497344.png,a galaxy with many stars,0.9936110377311707
793,3_1509996283653677064.png,a room with a red and white display,0.9986924529075623
794,3_1525902334299148288.png,an old airplane in a field,0.5302557349205017
795,3_1539654792624148480.png,a city with a clock tower in the background,0.34163957834243774
796,3_1436328725931597829.png,a rooster on the cover of a book,0.9941747784614563
797,3_1391812353113485312.png,a group of people sitting in the grass,0.86649489402771
798,3_1356230698777108480.png,a room with purple walls,0.9770328998565674
799,3_1309212566342828032.png,a computer screen with the text open source access,0.9996967315673828
800,3_1420813961654644736.png,an airplane with people around it,0.013248368166387081
801,3_1298270678366396416.png,a white sculpture on a black base,0.9997021555900574
802,3_1501239275022692362.png,a monkey hanging on a rope,0.9968872666358948
803,3_1499077078075191297.png,a man with an umbrella,0.30761516094207764
804,3_1480612465859698689.png,an airplane in a museum,0.758665144443512
805,3_1283073494725664768.png,a set of black and white plates,0.9956592321395874
806,3_1556684355434647556.png,a bison in the snow,0.993448793888092
807,3_1403073447643815943.png,a man and woman in a living room,0.3017502725124359
808,3_1461041649900007425.png,a building,0.18175435066223145
809,3_1369022398754881537.png,two women holding signs,0.9965019226074219
810,3_1252613806460731402.png,a painting on a yellow background,0.9979819059371948
811,3_1527258040264708100.png,two women smiling and one smiling,0.009299106895923615
812,3_1525457832191082496.png,the earth optimism logo,0.9999347925186157
813,3_1538492818116714499.png,a group of people standing together,0.2025352269411087
814,3_1542601081716297728.png,a group of people with their hands up in the air,0.0014363005757331848
815,3_1488899199739600900.png,a man standing next to a telescope,0.9992945194244385
816,3_1351919173350383620.png,a ticket for president,0.999846339225769
817,3_1499386627147325441.png,a building with a clock on top of it,0.3213440477848053
818,3_1428512221764726793.png,a large room with a lot of windows,0.9586153626441956
819,3_1520024044145422338.png,a man in a white shirt and black pants,0.02460929937660694
820,3_1344301359261249537.png,a man walking down the street,0.17170171439647675
821,3_1532361864780333058.png,"a blue background with the words, smithsonian summer sessions for teachers inspiring civic engagement",0.9999831914901733
822,3_1438535658826518531.png,a man walking down a street,0.6529192328453064
823,3_1487183734096941062.png,people walking in the snow,0.8757167458534241
824,3_1394732388404453379.png,a handbag with a picture of a dog on it,0.6184185743331909
825,3_1557019423227219972.png,a group of fish,0.6667700409889221
826,3_1424453330852589576.png,the crab nebula,0.7029218673706055
827,3_1475584345586946048.png,a man sitting at a desk,0.8196967244148254
828,3_1554934133469564928.png,a woman with short hair,0.3247219920158386
829,3_1425210449788866566.png,a building with people walking around it,0.5394546389579773
830,3_1250096770727714817.png,a white flower on a blue background,0.9967682361602783
831,3_1524864388326473742.png,a woman looking at a display,0.9459913969039917
832,3_1449043337802133515.png,a woman with glasses and a colorful background,0.9994142055511475
833,3_1394996271321071619.png,some scissors and some tape,0.993425726890564
834,3_1542866373264740356.png,a museum display with many different items,0.9645513892173767
835,3_1492893276633907205.png,some white flowers in the ground,0.9946006536483765
836,3_1557443873172905984.png,an old building with people walking around it,0.8897234201431274
837,3_1428706721392955392.png,a website page with a number of different items,0.7012492418289185
838,3_1550176648603074565.png,a woman on a boat,0.6943492293357849
839,3_1189931252847202304.png,a red and white painting,0.984392523765564
840,3_1496575997336076294.png,a tree with blue needles,0.9992021918296814
841,3_1322937149432451077.png,a church in a city,0.5257710814476013
842,3_1518922957132808193.png,a collection of jewelry,0.9653811454772949
843,3_1371808983296671746.png,a flower with a quote on it,0.7490386366844177
844,3_1483474223905402884.png,a certificate with a seal on it,0.9989738464355469
845,3_1480556126940893187.png,a skull and a skull,0.9910417199134827
846,3_1385595300576960519.png,the national book festival,0.999674916267395
847,3_1543607097916530694.png,a yellow plane in a hangar,0.9991235136985779
848,3_1440288317807861768.png,a group of people in a field,0.1360311210155487
849,3_1493620135835406341.png,a group of people sitting in a room,0.5259762406349182
850,3_1529077293993365504.png,two women smiling and one smiling,0.009299106895923615
851,3_1384188957991202826.png,a man working on a boat,0.9325055480003357
852,3_1484150394670370816.png,a building in the snow,0.970210611820221
853,3_1487468227278131204.png,some flowers in a garden,0.5886796116828918
854,3_1540084841198362625.png,a group of people standing around a table,0.7642197608947754
855,3_1554150033985097729.png,a pair of boots with colorful paint on them,0.9998575448989868
856,3_1509534179641499651.png,a mana in the water,0.7513468265533447
857,3_1221079037130498048.png,a person in a room,0.02428254298865795
858,3_1357804448219885570.png,a pair of scissors and a piece of fabric,0.9097239375114441
859,3_1554251633613209603.png,a plane flying over the desert,0.9593616127967834
860,3_1313654908583849984.png,a man with a knife in his hand,0.07710627466440201
861,3_1243922821073551362.png,a cat on a black background,0.7939614653587341
862,3_1384132221007654916.png,a man wearing a mask and holding a laptop,0.998764157295227
863,3_1483198034355785730.png,a group of women in different poses,0.1051345244050026
864,3_1557357247310749700.png,a building with a circular sculpture in front of it,0.9941890239715576
865,3_1480944662605090821.png,a group of people standing in a room,0.2792630195617676
866,3_1547253800125300736.png,a painting of a beach,0.9647984504699707
867,3_1542596837831544832.png,the logo for the snc church,0.9996834993362427
868,3_1533781718158696449.png,a classroom,0.719916820526123
869,3_1475466730902282244.png,a book cover with a picture of people,0.9479088187217712
870,3_1448662819713343491.png,a black hole in the sky,0.9667581915855408
871,3_1555535593416933376.png,a flower on a piece of paper,0.9158976078033447
872,3_1235592229193842689.png,a radio on a white surface,0.9925313591957092
873,3_1204076718157266944.png,a room with a large window,0.7555683255195618
874,3_1552987548842135554.png,a city street with buildings,0.22709442675113678
875,3_1502302464384585734.png,a person in an orange outfit,0.9674344062805176
876,3_1437390935638216705.png,two stuffed animals in a pool,0.9862647652626038
877,3_1303763524779257856.png,a man working on a computer,0.7157440781593323
878,3_1328431931726458880.png,a stamp with the image of a native man,0.9997240900993347
879,3_1364307307203604482.png,a forest with trees in the background,0.8335256576538086
880,3_1328764300593225730.png,people on a beach with an umbrella,0.8494723439216614
881,3_1333833909445029889.png,a brain with the words thank for your support,0.9985033273696899
882,3_1416016456668614658.png,a bird on a table,0.9078125953674316
883,3_1324470313527222272.png,a man in a suit and tie,0.011435510590672493
884,3_1234878175210954753.png,a field of red flowers,0.9587877988815308
885,3_1335967810435117057.png,boats in the water,0.30336496233940125
886,3_1442157380158906370.png,a woman standing in front of a garden,0.8830797672271729
887,3_1501219547654754305.png,a poster for the international women's day,0.9976556301116943
888,3_1515361129777696769.png,a person in a room with a camera,0.9618299007415771
889,3_1522289507814494208.png,an electric motor,0.26796790957450867
890,3_1501928308929282051.png,birds and flowers on a tree,0.5227835774421692
891,3_1537155493180882945.png,a drawing on a piece of paper,0.9265431761741638
892,3_1473661687551205383.png,a woman in a dress,0.6665597558021545
893,3_1537899136313225219.png,a painting with many different colors,0.7859575748443604
894,3_1400156698908631040.png,a group of people sitting at a bar,0.8946977257728577
895,3_1515096697138995223.png,a baseball jersey on display,0.9948205947875977
896,3_1513964297243795457.png,a person holding a small animal,0.9472694396972656
897,3_1337498316087701504.png,a group of people fishing in a river,0.7470216751098633
898,3_1357397192424755201.png,a man and a woman working together,0.8103008270263672
899,3_1555530497383493632.png,a girl in the woods,0.9247658252716064
900,3_1554133495059861504.png,a woman's red jacket,0.9284817576408386
901,3_1467673967485927427.png,a man in a suit and tie,0.009315194562077522
902,3_1445424265185144832.png,a bottle of beer on a table,0.8610032200813293
903,3_1450109937221255169.png,a group of people painting,0.8679091334342957
904,3_1450930446926233608.png,a red brick building,0.7192820310592651
905,3_1557754465574338560.png,a nebula in the sky,0.9783158302307129
906,3_1552730782007005184.png,an elephant in a book,0.8812595009803772
907,3_1513858227766796288.png,a machine with gears on it,0.7549466490745544
908,3_1497668040279928833.png,a building made out of paper,0.9849990010261536
909,3_1449042885681221637.png,a tree and some yellow flowers,0.9942507743835449
910,3_1521946408307286016.png,a woman in black and white,0.12898048758506775
911,3_1414585826537844741.png,a group of men sitting on steps,0.9827690720558167
912,3_1410660734313414656.png,a stamp with a woman reading a book,0.9998206496238708
913,3_1425434419150589955.png,a circle with many colors,0.9944868683815002
914,3_1503399310209302531.png,birds and flowers with a purple background,0.9983015060424805
915,3_1384540722754371586.png,a group of people in a room,0.584082841873169
916,3_1503762040309100559.png,a woman in a blue dress,0.5891515016555786
917,3_1306318952813924352.png,a dog's paw on a piece of paper,0.99928879737854
918,3_1545393767233966080.png,the smithsonian national education summit,0.9999643564224243
919,3_1546585178302185472.png,a man with a mustache,0.48048263788223267
920,3_1414706318326345732.png,a person walking through a tunnel,0.0347263440489769
921,3_1309161343539437571.png,a leather business card holder,0.8518407940864563
922,3_1543340237161652224.png,a person in the fog,0.9303016066551208
923,3_1456287045798666242.png,a group of people standing in front of the washington monument,0.9981302618980408
924,3_1527016204115795968.png,a woman sitting at a table,0.33250895142555237
925,3_1530594845248655360.png,a group of people sitting around a table,0.5818372368812561
926,3_1479090514817388545.png,a group of people standing around a table,0.6248234510421753
927,3_1460984079101407240.png,a book with the title blueprint for a world revolution,0.9998799562454224
928,3_1443212240002367491.png,a stamp with a woman reading a book,0.9998223185539246
929,3_1541414202925060097.png,a book with red flowers on it,0.9988319277763367
930,3_1444014408976502795.png,two people in front of a painting,0.9084241986274719
931,3_1432421624314318849.png,a map with watercolors,0.9954687356948853
932,3_1484148960876969990.png,a bison and a baby bison,0.9940072298049927
933,3_1365332752258785293.png,a man with glasses and a book,0.9940087795257568
934,3_1389199334361677827.png,a man standing in front of a sun,0.9997324347496033
935,3_1522290206208143365.png,a book with many different designs,0.9946370720863342
936,3_1453119524384002050.png,the cover of a book with a woman in sunglasses,0.9973598122596741
937,3_1525491361641811970.png,a stamp with a picture of a woman,0.9596567153930664
938,3_1523286730761289729.png,a group of people on a boat,0.6401963233947754
939,3_1357731907124031490.png,a man and woman sitting on a bench,0.2422572523355484
940,3_1471522148627980289.png,a man in a suit and tie,0.001943704904988408
941,3_1482065938409209862.png,two leopards on top of a rock,0.9228330850601196
942,3_1243973123361452033.png,three people standing under an umbrella,0.9069673418998718
943,3_1525529878937931782.png,an apple on a table,0.16067227721214294
944,3_1527380684364726272.png,a woman working on a laptop,0.3072512447834015
945,3_1414666247539773444.png,a cd with the cover of a black and white photo,0.9428943991661072
946,3_1553854516507955200.png,the surface of the moon,0.9944928884506226
947,3_1194997186582532097.png,two people sitting on a bench,0.013655511662364006
948,3_1545191182086569985.png,a plane flying in the sky,0.28703829646110535
949,3_1556966111127683072.png,a group of children in a classroom,0.6995452642440796
950,3_1436352639609057285.png,a brass plated brass plated brass plated brass plated brass plated,0.9827637672424316
951,3_1451504046133628929.png,a flower garden in front of a building,0.9696179628372192
952,3_1459220711889899523.png,a bowl of popcorn and a bowl of popcorn,0.9941684007644653
953,3_1517566163647184897.png,a group of whales in the water,0.9310945868492126
954,3_1356241344780500994.png,a woman with flowers in the background,0.7967730760574341
955,3_1494687157302276099.png,a building made out of lego blocks,0.919395923614502
956,3_1542515844848046093.png,a man with a beard,0.6231845617294312
957,3_1455529584519155717.png,a man in a blue shirt,0.7990508079528809
958,3_1351896988481155072.png,an american flag with the words lincoln and johnson,0.9999665021896362
959,3_1508791164618657793.png,a woman holding a child,0.3422606289386749
960,3_1445377384027414529.png,an airplane flying in the air,0.27602994441986084
961,3_1374765505077252102.png,a group of people with the words transforming the american table,0.9999700784683228
962,3_1542901785827885056.png,a man with a beard,0.5358662009239197
963,3_1352673382186307586.png,a baseball card with the name of a player,0.9575697779655457
964,3_1384558648354123778.png,an american flag with the words scientific american,0.9999260902404785
965,3_1422547110512181263.png,a large field with lots of green plants,0.10442030429840088
966,3_1525445911094218752.png,a group of people building a house,0.9589577913284302
967,3_1496575681156853766.png,a man in a suit and tie,0.1295405775308609
968,3_1554590352362840065.png,an astronaut on the moon,0.9599062204360962
969,3_1500899463040229389.png,a book with writing on it,0.917842447757721
970,3_1306726817722761217.png,two men sitting next to each other men,0.7110419869422913
971,3_1461786438211616770.png,a quote on a blue background,0.9973892569541931
972,3_1456652107784732677.png,some books on a shelf,0.918956995010376
973,3_1531712424688201728.png,a group of people standing around a tree,0.987991988658905
974,3_1301584544471166978.png,a blue background with a quote from rachel rosen,0.9999655485153198
975,3_1514321063668191235.png,a man in a suit and tie,0.011740130372345448
976,3_1531637085534404608.png,a group of people sitting in chairs,0.6843400597572327
977,3_1424015016567709703.png,a man in a suit and tie standing in front of a building,0.006654173601418734
978,3_1387539633249062916.png,a man climbing a mountain,0.46867048740386963
979,3_1359886300845723652.png,a basket,0.5181949138641357
980,3_1501267038999924740.png,two people sitting at a table in front of a screen,0.6542342305183411
981,3_1392477534885928963.png,a screen with a video player on it,0.2702649235725403
982,3_1448389215750737920.png,a letter from a man in a suit,0.9094067811965942
983,3_1526224108618452993.png,a fish,0.9202859401702881
984,3_1526919877805621249.png,a man in a hat and a woman in a dress,0.059372369199991226
985,3_1500808606052196362.png,some yellow flowers on the ground,0.9970782995223999
986,3_1402303446901010437.png,a lake filled with water lilies,0.20269866287708282
987,3_1404515966520893442.png,a button with the words we are the dream on it,0.9999500513076782
988,3_1283076785035517959.png,a ring made out of metal,0.9847106337547302
989,3_1525442452668170240.png,a plant in front of a building,0.9695180058479309
990,3_1542236493749559298.png,a group of people standing around a table,0.8478742241859436
991,3_1522556229645656069.png,flowers in front of a sculpture,0.9989529848098755
992,3_1428006277842620424.png,a woman in a room,0.00992982555180788
993,3_1532754744845996032.png,a spiral with a quote on it,0.39223551750183105
994,3_1462507359280975884.png,a red and black radio,0.9950851798057556
995,3_1489267264641773584.png,a woman selling food on the street,0.820600152015686
996,3_1416018283917160448.png,"two different cells, one with a single cell and the other with a single cell",0.9272500872612
997,3_1319262845884923904.png,a bird sitting on top of a tree,0.08009710907936096
998,3_1543233529886146563.png,a man sitting at a table,0.2203560769557953
999,3_1367586091033837568.png,a stamp with a woman's face,0.9848816990852356
